epoch:00001 21.227367130290780 0.5287552917747055 0.5920546770095825
epoch:00002 23.002742716906720 0.5973674138701852 0.5552241921424865
epoch:00003 24.484035739793363 0.6710259274032888 0.5011376380920410
epoch:00004 25.237287849729120 0.7141015506014597 0.46073066592216494
epoch:00005 26.185791559607054 0.7452163265598475 0.4215618968009949
epoch:00006 26.940163372559653 0.7689325052166384 0.3875796854496002
epoch:00007 27.293448890562587 0.7851837437755329 0.3570689857006073
epoch:00008 27.649681802070790 0.7946258018452550 0.3424013614654541
epoch:00009 28.043169026081720 0.8050805430065836 0.32355836033821106
epoch:00010 28.265484937346990 0.8124020635939507 0.3089179635047913
epoch:00011 28.531964603688210 0.8196952703593968 0.3019281953573227
epoch:00012 28.624525603897837 0.8254075213755646 0.2944912761449814
epoch:00013 28.795051396953625 0.8280173184421820 0.2880579411983490
epoch:00014 28.908764196062492 0.8314167333122559 0.2869094371795654
epoch:00015 28.764719604354887 0.8325136517874749 0.28356279730796813
epoch:00016 29.001452633946435 0.8348974679856968 0.2856240153312683
epoch:00017 29.044423953501884 0.8350166173439083 0.28357943892478943
epoch:00018 29.076759440833210 0.8371219976499507 0.28579393923282626
epoch:00019 29.116782233206130 0.8378645192887783 0.28579171299934386
epoch:00020 29.112266455589500 0.8384115648034497 0.2869426399469376
epoch:00021 29.163394880898647 0.8390721956735654 0.2852409064769745
epoch:00022 29.217748309751677 0.8406265898316168 0.2855467051267624
epoch:00023 29.152891283130838 0.8414408634686831 0.2814220130443573
epoch:00024 29.228784931678120 0.8431684651005673 0.28179723024368286
epoch:00025 29.278198073611822 0.8445054650287801 0.28231477439403535
epoch:00026 29.303285757306460 0.8453206587185319 0.28093628883361815
epoch:00027 29.399678326402460 0.8480516926975128 0.2788354754447937
epoch:00028 29.449701915865244 0.8501414350802434 0.2746904820203781
epoch:00029 29.521743939226970 0.8517274005317867 0.2736418604850769
epoch:00030 29.587202526468020 0.8535088406978906 0.27270083129405975
epoch:00031 29.653452981027960 0.8547674821382326 0.2699486345052719
epoch:00032 29.726676737671504 0.8570074995505139 0.26462229788303376
epoch:00033 29.786216978173110 0.8591358896228721 0.26369736790657045
epoch:00034 29.831425560389704 0.8598498653972625 0.2623115360736847
epoch:00035 29.920018131838360 0.8619959750556980 0.25960731208324433
epoch:00036 29.937681110669768 0.8628720177954575 0.2579070359468460
epoch:00037 30.026255351124995 0.8648668964827435 0.2548555016517639
epoch:00038 29.912401253601740 0.8647489879134067 0.2542534410953522
epoch:00039 30.008048420401547 0.8651062162242372 0.2569729954004288
epoch:00040 30.004580038675100 0.8623432899676825 0.25647261142730715
epoch:00041 30.134642909740812 0.8674935155251994 0.2532945930957794
epoch:00042 30.083480940374464 0.8677300068324195 0.25311985313892366
epoch:00043 30.233706959722678 0.8696928221049018 0.24402054250240326
epoch:00044 30.184912531366308 0.8705207347505624 0.24809243977069856
epoch:00045 30.304615474572160 0.8712434709618793 0.2454611361026764
epoch:00046 30.251020968955793 0.8714853708186464 0.24604870080947877
epoch:00047 30.314238474960780 0.8719329614382175 0.2459464281797409
epoch:00048 30.399427396389722 0.8736959288170926 0.24288787543773652
epoch:00049 30.351622868582790 0.8732592227068976 0.2440530002117157
epoch:00050 30.389741583277413 0.8741590478275221 0.24290055632591248
epoch:00051 30.372793270088030 0.8731048235842108 0.2417500436306000
epoch:00052 30.424147101492850 0.8747267891122739 0.24092254042625427
epoch:00053 30.479175900050137 0.8761148722286961 0.24062905013561248
epoch:00054 30.488732023553560 0.8764452612471164 0.23988921344280242
epoch:00055 30.524036018955023 0.8768851631093219 0.23744594156742097
epoch:00056 30.459891446676750 0.8760162989125357 0.2420727938413620
epoch:00057 30.543837404779616 0.8774999772676109 0.23847065269947051
epoch:00058 30.428850494923290 0.8745934505856292 0.2439875930547714
epoch:00059 30.537726528989197 0.8763832698827864 0.2345027357339859
epoch:00060 30.413509469284758 0.8752283808155520 0.24222759604454042
epoch:00061 30.623145928846377 0.8789835034989644 0.2370419144630432
epoch:00062 30.617041719096324 0.8787651693057583 0.23554323017597198
epoch:00063 30.660259278302323 0.8793083705022845 0.22842226922512054
epoch:00064 30.673742766195016 0.8802792394693582 0.23443425297737122
epoch:00065 30.550699442093805 0.8788472934735484 0.23823312819004058
epoch:00066 30.719827017308580 0.8802973242175517 0.23299552202224733
epoch:00067 30.729066060993603 0.8814041412257658 0.23117803931236267
epoch:00068 30.747743334528526 0.8818351660576818 0.23113526701927184
epoch:00069 30.660486585743122 0.8801146218744256 0.2349640905857086
epoch:00070 30.706926526869392 0.8808999562299402 0.2337455689907074
epoch:00071 30.712030628448353 0.8813883159575593 0.2350181132555008
epoch:00072 30.804818332982705 0.8821325496358264 0.2291800856590271
epoch:00073 30.722170184324874 0.8815819453196386 0.2275671035051346
epoch:00074 30.779850899807172 0.8824020947687738 0.22987644374370575
epoch:00075 30.654108100388270 0.8806973136908016 0.2337949424982071
epoch:00076 30.764660295629046 0.8820671957090138 0.23032983839511872
epoch:00077 30.817417966408783 0.8827609699933101 0.22899797856807708
epoch:00078 30.858986809368417 0.8834562272966056 0.2266430914402008
epoch:00079 30.772077276995663 0.8820904645554217 0.23161481320858002
epoch:00080 30.925547332476140 0.8845103904755150 0.22689455449581147
epoch:00081 30.855925744838668 0.8835396047159204 0.2290792554616928
epoch:00082 30.885851023511538 0.8844559892530022 0.22850427627563477
epoch:00083 30.893461167461215 0.8850052288784983 0.2258409798145294
epoch:00084 30.898733816149820 0.8842739681142886 0.22946343421936036
epoch:00085 30.898127825975195 0.8850040920047496 0.2266974091529846
epoch:00086 30.801983366819417 0.8842974468614994 0.2294290542602539
epoch:00087 30.854286766631610 0.8841061424812728 0.23027119934558868
epoch:00088 30.926055269402800 0.8851249711701860 0.2287985712289810
epoch:00089 30.934251762377330 0.8851909393387467 0.2281402349472046
epoch:00090 30.962658046024842 0.8851534557282417 0.22685416042804718
epoch:00091 30.930345356024530 0.8852135166177225 0.2273666739463806
epoch:00092 31.027209561185742 0.8866479647412644 0.2244301915168762
epoch:00093 30.996884428813900 0.8867242683411792 0.22241782546043395
epoch:00094 31.008650152837617 0.8860219683183155 0.2228274852037430
epoch:00095 30.976075119772000 0.8861082159952082 0.2255816787481308
epoch:00096 30.951255165025838 0.8845233540602670 0.22735388576984406
epoch:00097 31.035672265904573 0.8876043367424197 0.22366543710231782
epoch:00098 31.037756256253950 0.8871221082507127 0.22354597151279448
epoch:00099 31.062229118337626 0.8875690990902172 0.2220512658357620
epoch:00100 31.052965327911995 0.8872326751467504 0.22141712605953218
epoch:00101 31.032600603022235 0.8867738730492161 0.2179218828678131
epoch:00102 31.078190242347790 0.8871619251964147 0.22210611999034882
epoch:00103 31.029193049310738 0.8865395427608274 0.22685649991035461
epoch:00104 31.008027260600688 0.8865012918381519 0.2246905893087387
epoch:00105 31.055667371718300 0.8871101752931333 0.22273114323616028
epoch:00106 30.989360505770378 0.8862889104150474 0.22515302896499634
epoch:00107 31.043526588257150 0.8870814199619114 0.22452494502067566
epoch:00108 31.061528205921512 0.8873283372241808 0.2241696834564209
epoch:00109 31.092308597154640 0.8873011862179426 0.22038203179836274
epoch:00110 31.153006652878055 0.8890463470614373 0.2200426459312439
epoch:00111 31.040337585057790 0.8873532732802152 0.22097382545471192
epoch:00112 31.103565829568480 0.8877287457628602 0.22134206891059877
epoch:00113 31.141133971220285 0.8885547450669119 0.21984098553657533
epoch:00114 31.090058520779344 0.8874943963789395 0.22310279905796052
epoch:00115 31.103526026376773 0.8880881581133998 0.22388668358325958
epoch:00116 31.136234366230603 0.8888437026194049 0.21982792317867278
epoch:00117 31.128049027934310 0.8880873614266449 0.22091954648494722
epoch:00118 31.150444221650123 0.8883620448428861 0.2215764492750168
epoch:00119 31.123162938480313 0.8889192222619651 0.22058291137218475
epoch:00120 31.160023348654505 0.8892968823898512 0.22043500542640687
epoch:00121 31.189300976602688 0.8896406291902534 0.21912552416324615
epoch:00122 31.146322581466950 0.8885417268066774 0.2186000317335129
epoch:00123 31.223623188812184 0.8900435129507454 0.22002960741519928
epoch:00124 31.128293996211530 0.8888009926405751 0.22172365486621856
epoch:00125 31.153577816745580 0.8888119417947582 0.22002258598804475
epoch:00126 31.216520167068570 0.8890367388016122 0.21873220801353455
epoch:00127 31.200046189632097 0.8892900708382934 0.21927070021629333
epoch:00128 31.226143949892652 0.8904602654005960 0.22021681368350982
epoch:00129 31.246797438572564 0.8901653522093005 0.2162847101688385
epoch:00130 31.215621419724595 0.8897589606854421 0.2193450301885605
epoch:00131 31.206437549643987 0.8898110626726818 0.2212055057287216
epoch:00132 31.248629788111987 0.8906026767928161 0.21957111954689026
epoch:00133 31.212220023330320 0.8897717173888072 0.2205337554216385
epoch:00134 31.147047111110510 0.8897941051071350 0.21865540146827697
epoch:00135 31.267791583935140 0.8908528588874682 0.2178367942571640
epoch:00136 31.273331491394970 0.8907381718629391 0.21875249743461608
epoch:00137 31.314237520461564 0.8914343922914568 0.2172200620174408
epoch:00138 31.285577846942914 0.8912891609460207 0.22022728025913238
epoch:00139 31.313747103467392 0.8916657187374680 0.21779745519161225
epoch:00140 31.264622154506082 0.8906156079655002 0.21656506955623628
epoch:00141 31.275510323705532 0.8911584853940229 0.21662560105323792
epoch:00142 31.278178819424475 0.8909185297755448 0.21852672696113587
epoch:00143 31.315139506636797 0.8912621249414701 0.21742677688598633
epoch:00144 31.328592496427525 0.8922173318354739 0.21716986894607543
epoch:00145 31.309822438585577 0.8913215984618195 0.21954502463340758
epoch:00146 31.286931894513533 0.8913425884902757 0.21837906241416932
epoch:00147 31.298505201923206 0.8915264532775176 0.21932903826236724
epoch:00148 31.310949507237900 0.8916304460475750 0.2172368884086609
epoch:00149 31.313025939650032 0.8916837515312471 0.21715257167816163
epoch:00150 31.311162819618527 0.8916187542019754 0.21849603652954103
epoch:00151 31.222179568069812 0.8901271467331700 0.22202963531017303
epoch:00152 31.306438380256008 0.8922359034223165 0.21705820858478547
epoch:00153 31.342943765214784 0.8920694556604472 0.21740078330039977
epoch:00154 31.375377954133835 0.8924541216702393 0.21520436108112334
epoch:00155 31.332776540685465 0.8921346074035442 0.21553236544132232
epoch:00156 31.327988096597117 0.8918901501389135 0.21740071773529052
epoch:00157 31.366883570555690 0.8922734065315361 0.21548482179641723
epoch:00158 31.375139457684220 0.8926293589455986 0.21566193401813508
epoch:00159 31.311698942824506 0.8920315862701115 0.21813169121742249
epoch:00160 31.304743097177248 0.8918406025953332 0.21466271877288817
epoch:00161 31.408301330929570 0.8927437349709288 0.2153693377971649
epoch:00162 31.336587030188134 0.8919035544494843 0.2158715844154358
epoch:00163 31.305660362035656 0.8917631315200886 0.21750767827033995
epoch:00164 31.364131287031590 0.8926168271843690 0.21234142780303955
epoch:00165 31.248240267298932 0.8922804143604702 0.21657514870166777
epoch:00166 31.334547322411687 0.8921563178211589 0.21426887214183807
epoch:00167 31.404798983201250 0.8930750129821019 0.21337378025054932
epoch:00168 31.414782308984496 0.8931253181651326 0.21234262883663177
epoch:00169 31.371046195505244 0.8929799021190326 0.21304245591163634
epoch:00170 31.361411785058785 0.8926443112147322 0.2148213654756546
epoch:00171 31.383057871581407 0.8930054525299991 0.21607861518859864
epoch:00172 31.359704248324020 0.8930832965662450 0.2188622921705246
epoch:00173 31.420311454612850 0.8930645427019099 0.2139553576707840
epoch:00174 31.359222589248910 0.8929450621996458 0.21230686008930205
epoch:00175 31.409235689409126 0.8933084630292241 0.21492624580860137
epoch:00176 31.450459590092190 0.8931904014347936 0.21287984251976014
epoch:00177 31.435322162091660 0.8936303773218130 0.2128977119922638
epoch:00178 31.446062867228306 0.8933519189734642 0.21391714215278626
epoch:00179 31.369370148537666 0.8923064061742808 0.21306583285331726
epoch:00180 31.398774919200314 0.8932948640677832 0.2119680017232895
epoch:00181 31.431220503136085 0.8935124944173427 0.21492501199245453
epoch:00182 31.374694272473278 0.8928309695055671 0.2161657392978668
epoch:00183 31.442973172910400 0.8934185729254960 0.21266175508499147
epoch:00184 31.393868331676380 0.8930573573500405 0.21606602966785432
epoch:00185 31.384186254863863 0.8936134096427800 0.2125124454498291
epoch:00186 31.447428955443410 0.8938782442101904 0.21594085693359374
epoch:00187 31.323185548434147 0.8922845697679385 0.2162500798702240
epoch:00188 31.468409380103658 0.8941463798620466 0.21429149508476258
epoch:00189 31.381176345204710 0.8927650145812720 0.21442697644233705
epoch:00190 31.487304896309173 0.8944686573768379 0.21188849806785584
epoch:00191 31.448308437447510 0.8940627435676202 0.21511860191822052
epoch:00192 31.381985378042195 0.8933861234836286 0.2160053551197052
epoch:00193 31.332563244010590 0.8917135468511050 0.2196045547723770
epoch:00194 31.450089696410867 0.8940301300203715 0.21221746504306793
epoch:00195 31.472589826173740 0.8940815279070244 0.21480918526649476
epoch:00196 31.391292423723986 0.8929964395526631 0.21798934936523437
epoch:00197 31.424614251074730 0.8950835273554331 0.21057040095329285
epoch:00198 31.454899841334880 0.8944179804645251 0.21346710622310638
epoch:00199 31.487779868781654 0.8944314734460764 0.21267010271549225
epoch:00200 31.465067089022067 0.8940233667403591 0.21085954904556276
epoch:00201 31.495454088769844 0.8945915267585939 0.2136766105890274
epoch:00202 31.468836572242820 0.8944847206699240 0.21444033980369567
epoch:00203 31.470472439820050 0.8941714022258023 0.21492927074432372
epoch:00204 31.422753733685774 0.8941775952712622 0.21416922509670258
epoch:00205 31.480967427326300 0.8940943059082572 0.21226177513599395
epoch:00206 31.529385625142130 0.8954907856204901 0.2102387934923172
epoch:00207 31.475724564051156 0.8948895238694881 0.21328026950359344
epoch:00208 31.521415908230450 0.8948988936239486 0.21407564282417296
epoch:00209 31.458891648046716 0.8946992020575234 0.2135055273771286
epoch:00210 31.502075053500356 0.8952045502005174 0.2106050580739975
epoch:00211 31.438744918010446 0.8941375362214548 0.2158445179462433
epoch:00212 31.538119915471178 0.8951229509124723 0.2125844568014145
epoch:00213 31.533257340186424 0.8954657495669920 0.21274028718471527
epoch:00214 31.552193169054270 0.8952657867550163 0.20960090458393096
epoch:00215 31.522095972625220 0.8958755027249890 0.21227034330368041
epoch:00216 31.520148650560440 0.8951009386106392 0.21444266140460969
epoch:00217 31.477050917089400 0.8948702325981829 0.21552591025829315
epoch:00218 31.449465792961092 0.8943330732647794 0.21456367075443267
epoch:00219 31.517614858935900 0.8955648975518947 0.2114899754524231
epoch:00220 31.502473484247275 0.8950145836424179 0.21264720261096953
epoch:00221 31.519805564281647 0.8959526994022810 0.2123795986175537
epoch:00222 31.527064916512460 0.8949573436507066 0.21463722884654998
epoch:00223 31.457866515682830 0.8940997436014925 0.21084753274917603
epoch:00224 31.474355997067534 0.8938679762190123 0.2147660732269287
epoch:00225 31.494384723962582 0.8944858932893170 0.21472873091697692
epoch:00226 31.587116848554570 0.8963110142541371 0.21030065417289734
epoch:00227 31.478074987926654 0.8949843896916132 0.2130551040172577
epoch:00228 31.479826003649514 0.8948913006989574 0.2159907579421997
epoch:00229 31.577763287772240 0.8958747801952038 0.21068367660045623
epoch:00230 31.517169836542430 0.8953980279644691 0.2143522173166275
epoch:00231 31.504542634607690 0.8951637003376611 0.2126520961523056
epoch:00232 31.548581046979997 0.8957796840530875 0.21080597043037413
epoch:00233 31.553643803047798 0.8961346849011802 0.21318138241767884
epoch:00234 31.521872883279066 0.8953556317850421 0.21241303086280822
epoch:00235 31.499000367370126 0.8954286119437069 0.21255886554718018
epoch:00236 31.555711251639355 0.8961331722997677 0.21313323080539703
epoch:00237 31.537143291115220 0.8953599092245780 0.2114666223526001
epoch:00238 31.494746258356690 0.8949832088000227 0.2106769859790802
epoch:00239 31.563093601186317 0.8956137365589185 0.2129869282245636
epoch:00240 31.521820431083036 0.8946645962328639 0.21552665829658507
epoch:00241 31.560428085763135 0.8950655929633626 0.21551890075206756
epoch:00242 31.587606856051416 0.8962665813806694 0.2102520614862442
epoch:00243 31.607355233730253 0.8964694631770100 0.21151554882526397
epoch:00244 31.604773874609794 0.8965661648050949 0.21257579922676087
epoch:00245 31.525126756732448 0.8945293317509562 0.21214144825935363
epoch:00246 31.486827071749480 0.8956547105899050 0.21405760049819947
epoch:00247 31.588997697131410 0.8965331734024543 0.21072326898574828
epoch:00248 31.630051398089115 0.8964772703033536 0.2106890618801117
epoch:00249 31.586474679202674 0.8960695742862969 0.20978280603885652
epoch:00250 31.575190299486990 0.8955821266366790 0.21201960146427154
epoch:00251 31.599485000050265 0.8965792827981025 0.21073102355003356
epoch:00252 31.533878722174137 0.8956667369015481 0.21418431103229524
epoch:00253 31.589559046547880 0.8959239435171880 0.21196594536304475
epoch:00254 31.637735677540228 0.8968001439444588 0.20877387821674348
epoch:00255 31.603210526199650 0.8963291883645848 0.2115761935710907
epoch:00256 31.586272382389744 0.8960587315632493 0.21247870326042176
epoch:00257 31.606123394606378 0.8969051760898232 0.2103435516357422
epoch:00258 31.629937328987700 0.8965229975531228 0.2111150413751602
epoch:00259 31.606743704064844 0.8966009100540131 0.21142858564853667
epoch:00260 31.577311576291446 0.8963404445612921 0.2117893785238266
epoch:00261 31.585933057989250 0.8965265193597463 0.2128674566745758
epoch:00262 31.535192559574870 0.8959946017387759 0.21141874492168428
epoch:00263 31.561680155438363 0.8954432435473707 0.21117112636566163
epoch:00264 31.541661260688710 0.8958356836416413 0.21588564217090606
epoch:00265 31.592745012617684 0.8963949377099454 0.21295976936817168
epoch:00266 31.582495806582926 0.8963858133372968 0.20933509171009063
epoch:00267 31.638046493396455 0.8971899400630198 0.2118825912475586
epoch:00268 31.571496909154916 0.8961832102713270 0.21593465209007262
epoch:00269 31.604643873461280 0.8964764948509132 0.21065637469291687
epoch:00270 31.545716026839965 0.8953350970506160 0.2082057148218155
epoch:00271 31.660745193861395 0.8972891668534624 0.20876526832580566
epoch:00272 31.555553286565890 0.8958619024602232 0.21147942841053008
epoch:00273 31.554135023466860 0.8962573666429847 0.21332403719425203
epoch:00274 31.655852877354170 0.8973707946517250 0.2110186070203781
epoch:00275 31.505370984362610 0.8950086324278687 0.21554966568946837
epoch:00276 31.578821241100872 0.8961756994911136 0.21097539961338044
epoch:00277 31.599281189655965 0.8964790324196908 0.21223222315311432
epoch:00278 31.611308276997960 0.8963154864867171 0.2135707378387451
epoch:00279 31.623401164554830 0.8969329045646977 0.21063718497753142
epoch:00280 31.578162342032165 0.8963062704751547 0.21471722424030304
epoch:00281 31.612461489958502 0.8966379885700044 0.21312698125839233
epoch:00282 31.631557760834642 0.8969389833752818 0.2085470587015152
epoch:00283 31.553200438581392 0.8961984817278893 0.2096949875354767
epoch:00284 31.611816170312800 0.8967376720192426 0.2125833660364151
epoch:00285 31.679699836615830 0.8974577915062518 0.2100990593433380
epoch:00286 31.604623232433150 0.8968493285407808 0.20871641337871552
epoch:00287 31.668841412794144 0.8975429714393683 0.21004795134067536
epoch:00288 31.649069334372154 0.8973329818556955 0.20947119891643523
epoch:00289 31.566549542407802 0.8963778567142437 0.2110947161912918
epoch:00290 31.658645147417490 0.8976150894607609 0.20866390764713288
epoch:00291 31.649843787456973 0.8971613828775087 0.21126222908496856
epoch:00292 31.621930067813633 0.8971013146128606 0.21172057390213012
epoch:00293 31.651718321081102 0.8971616416813886 0.2096731811761856
epoch:00294 31.655726011249108 0.8972450208094649 0.2091146081686020
epoch:00295 31.620842702641840 0.8972382564839334 0.21051518023014068
epoch:00296 31.638885750837755 0.8973784775838005 0.21233246326446534
epoch:00297 31.609079876444913 0.8972173319209021 0.21125997602939606
epoch:00298 31.627351080122377 0.8971858285415047 0.21078518629074097
epoch:00299 31.556280558402925 0.8962591713875563 0.21455968022346497
epoch:00300 31.688487811515824 0.8978608382725023 0.21044887900352477
epoch:00301 31.685471083012963 0.8982927288215098 0.2096759170293808
epoch:00302 31.580968718062120 0.8963349729215666 0.21339720487594604
epoch:00303 31.629607274377975 0.8970848859885561 0.20744505524635315
epoch:00304 31.682116897228536 0.8975870345158858 0.21046157777309418
epoch:00305 31.603266498095643 0.8966632435394016 0.21284686625003815
epoch:00306 31.665545892294170 0.8980883597070631 0.20981535017490388
epoch:00307 31.587538498732282 0.8969031591004775 0.21220248937606812
epoch:00308 31.613682605484097 0.8974816826482016 0.21120428740978242
epoch:00309 31.618608176783784 0.8968244924196324 0.21329947412014008
epoch:00310 31.628082188728760 0.8969779243609791 0.2106779009103775
epoch:00311 31.675755403493080 0.8981048823087623 0.20871056914329528
epoch:00312 31.676986014829946 0.8978768472795607 0.20945124626159667
epoch:00313 31.710530578346077 0.8979158814162023 0.20855515897274018
epoch:00314 31.621285360230836 0.8963660661871222 0.21091137826442719
epoch:00315 31.714677061794067 0.8983348853177688 0.21015194952487945
epoch:00316 31.690228634677900 0.8976848476666511 0.21125053167343139
epoch:00317 31.655754083642897 0.8973459240956781 0.2134181946516037
epoch:00318 31.653748442898507 0.8974299123823630 0.20757898390293122
epoch:00319 31.586146036353096 0.8965907677388337 0.21432030498981475
epoch:00320 31.688057429423907 0.8981563485588318 0.20771137475967408
epoch:00321 31.586994385400622 0.8966906563200402 0.21053632199764252
epoch:00322 31.646699806177500 0.8975442182954751 0.21007054448127746
epoch:00323 31.644068661724950 0.8972076930785585 0.21111322939395905
epoch:00324 31.620529369049883 0.8977184025903273 0.20941708087921143
epoch:00325 31.667892144043044 0.8977785504616428 0.20944492816925048
epoch:00326 31.612737457316350 0.8968872869420430 0.20706160962581635
epoch:00327 31.707152886410626 0.8977482207657046 0.21143266260623933
epoch:00328 31.681559533932283 0.8979030805410030 0.20943260192871094
epoch:00329 31.621621946147780 0.8977979627830546 0.21028878390789033
epoch:00330 31.738070483421886 0.8979833343896854 0.2026277631521225
epoch:00331 31.620517786820095 0.8973913735666137 0.20961284637451172
epoch:00332 31.661316891876748 0.8975595562004040 0.21128475964069365
epoch:00333 31.736805819083127 0.8982953398242681 0.20934780836105346
epoch:00334 31.668398412645047 0.8980369160054561 0.2106413483619690
epoch:00335 31.636115642671825 0.8972463935801631 0.20843371450901033
epoch:00336 31.669235432359027 0.8977126607844973 0.20945623219013215
epoch:00337 31.679637295639850 0.8982903524679811 0.20925278663635255
epoch:00338 31.711349851286485 0.8979124967444425 0.21119399666786193
epoch:00339 31.702802534864770 0.8981310460952511 0.2093980848789215
epoch:00340 31.722769521943228 0.8981766056440307 0.20972216725349427
epoch:00341 31.660642577044940 0.8981021398288250 0.20938321053981782
epoch:00342 31.722455328757754 0.8977231457073469 0.20593147873878478
epoch:00343 31.747936242638406 0.8992295003484339 0.2089010149240494
epoch:00344 31.733596575765898 0.8982807001608496 0.21168985962867737
epoch:00345 31.730680263989050 0.8985326981917326 0.20891922414302827
epoch:00346 31.779747954403764 0.8987850843253552 0.2091214567422867
epoch:00347 31.708799913864585 0.8978723794439254 0.2051052674651146
epoch:00348 31.739471657982897 0.8987038666621100 0.20940053164958955
epoch:00349 31.714379566687180 0.8981928751056657 0.2079949975013733
epoch:00350 31.737237434482240 0.8983894080507875 0.21020528078079223
epoch:00351 31.747193375460654 0.8986327989645801 0.20903011858463288
epoch:00352 31.687666883862825 0.8982378412577952 0.2079120397567749
epoch:00353 31.627289342086794 0.8970048966472983 0.2105606436729431
epoch:00354 31.609198768505074 0.8972431581926834 0.21078039407730104
epoch:00355 31.619180973424466 0.8966561128484350 0.2119099974632263
epoch:00356 31.688115615948526 0.8977329079023020 0.21101820468902588
epoch:00357 31.698270211483667 0.8984774930400075 0.21035413742065429
epoch:00358 31.666394102906033 0.8977047565681303 0.21158961057662964
epoch:00359 31.742218683883713 0.8987143504926929 0.20950719118118286
epoch:00360 31.717932961667060 0.8981584468312125 0.20731478929519653
epoch:00361 31.695283694048335 0.8974914079375234 0.2114510565996170
epoch:00362 31.663585068129144 0.8976189830675331 0.21130782961845399
epoch:00363 31.660130700484540 0.8976970771024245 0.21052042543888091
epoch:00364 31.624187401364956 0.8969598606305608 0.21289748549461365
epoch:00365 31.718945028837720 0.8979009494459784 0.2061789631843567
epoch:00366 31.732252761158787 0.8986423109731165 0.20675981938838958
epoch:00367 31.697160875253587 0.8977898758023901 0.21098509430885315
epoch:00368 31.720758186370766 0.8990234537478861 0.20746484398841858
epoch:00369 31.709448504834654 0.8981496381849844 0.20767812728881835
epoch:00370 31.752188357637840 0.8987256582271073 0.20855652093887328
epoch:00371 31.684847838200085 0.8980527790893511 0.20814088582992554
epoch:00372 31.736068380322610 0.8984961544189873 0.20939891338348388
epoch:00373 31.684755198109166 0.8979700011539020 0.21084220707416534
epoch:00374 31.762231394968957 0.8994154583130424 0.20670437812805176
epoch:00375 31.685028703908850 0.8982188979112898 0.21058057844638825
epoch:00376 31.740156459933484 0.8980082392857305 0.20698384940624237
epoch:00377 31.757358464007154 0.8987348828294006 0.20912028551101686
epoch:00378 31.648793722430007 0.8976170327215657 0.2120546966791153
epoch:00379 31.736153944997880 0.8986849743910508 0.21109173595905303
epoch:00380 31.652132917051176 0.8973167359727368 0.21228295862674712
epoch:00381 31.766971910094696 0.8987725333797005 0.2088536113500595
epoch:00382 31.747540266240645 0.8982450546596678 0.2069468080997467
epoch:00383 31.724341380340878 0.8987849926002085 0.20771369636058806
epoch:00384 31.736168492807400 0.8987954848752537 0.21028924882411956
epoch:00385 31.704592763349910 0.8981374089550631 0.20764655768871307
epoch:00386 31.715430529294753 0.8981842600163306 0.2112326592206955
epoch:00387 31.766661068313578 0.8990731507033545 0.20893432199954987
epoch:00388 31.803509928267060 0.8996661131297271 0.2070176750421524
epoch:00389 31.751523796131770 0.8986347094410068 0.20912676751613618
epoch:00390 31.697827671835340 0.8977557138938941 0.20746717154979705
epoch:00391 31.794798311550245 0.8993663916222434 0.20879397988319398
epoch:00392 31.787469326904148 0.8987330371220494 0.20751579105854034
epoch:00393 31.782738986004137 0.8991492984770801 0.20747368931770324
epoch:00394 31.690045822368923 0.8982087491304128 0.20725056380033494
epoch:00395 31.781750415114420 0.8988626760591625 0.20652846544981002
epoch:00396 31.704985331343757 0.8982964793056410 0.2092088669538498
epoch:00397 31.777499613960250 0.8989211883472874 0.20615856051445008
epoch:00398 31.682493464336243 0.8981251514116332 0.21019090414047242
epoch:00399 31.730629738530705 0.8983322730573245 0.20824826061725615
epoch:00400 31.753529652350448 0.8988068423759440 0.20789420902729033
epoch:00401 31.731526948466190 0.8988482567754954 0.2093284845352173
epoch:00402 31.783745462126810 0.8993697483364551 0.20707643628120423
epoch:00403 31.671743903565840 0.8976821459732361 0.21207450926303864
epoch:00404 31.787068229778193 0.8992554666238121 0.20571983307600022
epoch:00405 31.762728745126100 0.8992512174062577 0.20720939636230468
epoch:00406 31.757004771335810 0.8990580673330755 0.20643603205680847
epoch:00407 31.732325727314247 0.8989719212079168 0.20886375308036803
epoch:00408 31.724677550694288 0.8981292306692312 0.20855810046195983
epoch:00409 31.784995289897410 0.8993019433343130 0.20773853957653046
epoch:00410 31.780740833101675 0.8996845040450555 0.20502390414476396
epoch:00411 31.760816934655463 0.8989562729977832 0.20840230882167815
epoch:00412 31.711240516672767 0.8983295176404094 0.20838712751865388
epoch:00413 31.754658456667215 0.8994094984384793 0.20479289889335633
epoch:00414 31.780290674059728 0.8994321672050335 0.2096957266330719
epoch:00415 31.785196286852603 0.8994955339385988 0.20742356181144714
epoch:00416 31.769903860861042 0.8993449437427937 0.2057231217622757
epoch:00417 31.685201730626442 0.8979144189481028 0.2076973259449005
epoch:00418 31.707378483217400 0.8984011250096063 0.2097369611263275
epoch:00419 31.741875059172674 0.8987566612546860 0.21102614104747772
epoch:00420 31.776382284404793 0.8997998624618493 0.20709990561008454
epoch:00421 31.751605914608433 0.8987372884376349 0.21097466945648194
epoch:00422 31.733263335265786 0.8987124406949614 0.20971916019916534
epoch:00423 31.788993976630913 0.8994266825332231 0.20659300088882446
epoch:00424 31.735721608210063 0.8992138606479380 0.20713517665863038
epoch:00425 31.699309162295656 0.8993022068616192 0.20665652453899383
epoch:00426 31.714273636673873 0.8981347996627635 0.2109675884246826
epoch:00427 31.723790806128886 0.8988017129834193 0.21007170677185058
epoch:00428 31.655502281145460 0.8971800789218365 0.21308155059814454
epoch:00429 31.726554184140223 0.8985736160856952 0.20896885693073272
epoch:00430 31.713952340794860 0.8980949004203673 0.21197619140148163
epoch:00431 31.710670249020280 0.8987486526023188 0.20817574560642244
epoch:00432 31.775536419755355 0.8992763812836907 0.20498731434345246
epoch:00433 31.751651698168807 0.8988801015806267 0.2101628601551056
epoch:00434 31.712319118573298 0.8990384589383014 0.20463004410266877
epoch:00435 31.747285207210230 0.8990126164019199 0.20786174535751342
epoch:00436 31.799298795248443 0.8995067089995675 0.2072052389383316
epoch:00437 31.780324475593915 0.8996330995422500 0.20627932548522948
epoch:00438 31.749459804251690 0.8995828976758421 0.20707629323005677
epoch:00439 31.804380764685230 0.8995777181231975 0.2066936343908310
epoch:00440 31.789536485268542 0.8995108016664386 0.20796917974948884
epoch:00441 31.778652659243573 0.9002868142885184 0.20717118978500365
epoch:00442 31.755733413378180 0.8989639478042986 0.2066329836845398
epoch:00443 31.796222078412040 0.8993952024241099 0.20632357895374298
epoch:00444 31.801648363519327 0.8994698706096518 0.2072221040725708
epoch:00445 31.845772275128972 0.9002152404433584 0.2074182689189911
epoch:00446 31.851071621204333 0.9005774407228590 0.2051897168159485
epoch:00447 31.769935914086368 0.8993626168516620 0.2075260192155838
epoch:00448 31.795325278043812 0.8997628958624141 0.20792848616838455
epoch:00449 31.780291080246930 0.8993006751116127 0.20625247955322265
epoch:00450 31.802440981452160 0.9001449579815824 0.2064095228910446
epoch:00451 31.787422830320157 0.8996625768564019 0.20943627655506133
epoch:00452 31.822058328983665 0.8996325262744277 0.20646593868732452
epoch:00453 31.775272638180270 0.8988100952559040 0.2039412811398506
epoch:00454 31.789219160478137 0.8987629494471949 0.20788072943687438
epoch:00455 31.818063892322947 0.8996681885190851 0.20639823079109193
epoch:00456 31.803778545115260 0.8994818102579814 0.20765913128852845
epoch:00457 31.832385258167960 0.8999517435949596 0.2075859248638153
epoch:00458 31.790507334834395 0.8995416587138247 0.20559372901916503
epoch:00459 31.802942598832990 0.9002985368552399 0.20317184627056123
epoch:00460 31.780244002159122 0.8989209742093183 0.20803773999214173
epoch:00461 31.761477696024468 0.8994057323399837 0.2070380985736847
epoch:00462 31.766943216442320 0.8996391181984620 0.2056122213602066
epoch:00463 31.805752982785407 0.8999360725356613 0.2065308451652527
epoch:00464 31.810430456335514 0.8997070632851305 0.20618274211883544
epoch:00465 31.837482824190523 0.9003742497122298 0.20662649273872374
epoch:00466 31.716712125757360 0.8987256444018877 0.21063655316829683
epoch:00467 31.736348839669603 0.8987417281558585 0.20810476541519166
epoch:00468 31.818281464751642 0.8998626129990417 0.20642732977867126
epoch:00469 31.772340591829686 0.8990517744370596 0.20921074450016022
epoch:00470 31.773287454117344 0.8994083555245218 0.2048222765326500
epoch:00471 31.820438452037298 0.9000393977461941 0.2052521675825119
epoch:00472 31.790777424836374 0.9000628333103222 0.20789417028427123
epoch:00473 31.781659087254774 0.9000885296167225 0.20554476976394653
epoch:00474 31.812701203817020 0.8999188495075259 0.20642848312854767
epoch:00475 31.796641999563303 0.8998961183040384 0.20739370286464692
epoch:00476 31.834499687087610 0.9000562236779925 0.20607884526252745
epoch:00477 31.830347398059313 0.9005599051030909 0.20712442696094513
epoch:00478 31.806579811748158 0.9003088404529580 0.20509814620018005
epoch:00479 31.854152582350460 0.9004316463061584 0.20630153119564057
epoch:00480 31.757808186843427 0.8988954655119533 0.20971029996871948
epoch:00481 31.853493663892447 0.9002317537979646 0.2076418772339821
epoch:00482 31.823313802661563 0.9004787619749756 0.20530254244804383
epoch:00483 31.854053465272955 0.9004422674280462 0.20489212572574617
epoch:00484 31.835625561112284 0.9001073335654182 0.20784166753292083
epoch:00485 31.767493867696125 0.8993067792759162 0.2044596940279007
epoch:00486 31.789127716915914 0.8997808408218739 0.20855672359466554
epoch:00487 31.843923385384450 0.9001689172198357 0.2060948371887207
epoch:00488 31.765125701872297 0.8991198914604579 0.20918597280979156
epoch:00489 31.841057752953418 0.9003918387461220 0.20538370907306672
epoch:00490 31.833350157217990 0.9001163369011331 0.20732951462268828
epoch:00491 31.842078031922803 0.9007631269116609 0.2075949490070343
epoch:00492 31.838384614921870 0.9001049995242720 0.20533014982938766
epoch:00493 31.819282950632548 0.9001011302475360 0.20757213085889817
epoch:00494 31.815810746673954 0.9002474625180230 0.20603879690170288
epoch:00495 31.796059141679780 0.8992048619872135 0.20512786656618118
epoch:00496 31.785092798190560 0.8996617197432659 0.20642158687114714
epoch:00497 31.851924657954793 0.9001812958442578 0.20551980435848236
epoch:00498 31.789043146875834 0.8996978578994659 0.20536981225013734
epoch:00499 31.857929250496010 0.9005170491976079 0.20577118545770645
epoch:00500 31.820349156528360 0.9006018309562019 0.20524456351995468
epoch:00501 31.797291010444876 0.8992408070499553 0.20821432769298553
epoch:00502 31.882332649771758 0.9003516306075777 0.2053137719631195
epoch:00503 31.850328577868275 0.9005644288602721 0.20530323982238768
epoch:00504 31.835816689420177 0.9002852154940530 0.2066155716776848
epoch:00505 31.764388802185030 0.8989188682396497 0.20810795724391937
epoch:00506 31.842637255766620 0.9005122341020242 0.20751295387744903
epoch:00507 31.862182888505930 0.9011224066267935 0.20469738245010377
epoch:00508 31.847228295230007 0.9005799798683615 0.2064170539379120
epoch:00509 31.821293294984166 0.9002566106490246 0.2056575298309326
epoch:00510 31.862637102715656 0.9006131853917548 0.20446708500385286
epoch:00511 31.823474189978914 0.9006470515193344 0.2067614436149597
epoch:00512 31.797368796229296 0.8998721461121875 0.20628469586372375
epoch:00513 31.775280468448575 0.8994180321529577 0.20746621191501619
epoch:00514 31.812797219245045 0.8993923802191649 0.2080151468515396
epoch:00515 31.862378460784090 0.9004602414459688 0.2064585030078888
epoch:00516 31.831680296949970 0.9003402266481757 0.20704956948757172
epoch:00517 31.841390313159696 0.8999056268999357 0.20776184499263764
epoch:00518 31.862935861080054 0.9003684513129062 0.20699843466281892
epoch:00519 31.827179548939817 0.8999280532668850 0.20609783977270127
epoch:00520 31.857820773846765 0.9005000298198433 0.2082740157842636
epoch:00521 31.780623166223080 0.9000071672225893 0.20596376359462737
epoch:00522 31.802716079681403 0.8996773538172969 0.20709721148014068
epoch:00523 31.804877271662995 0.8998607564435721 0.20584943592548371
epoch:00524 31.815364038291484 0.9000817825959274 0.2077040970325470
epoch:00525 31.793945293517186 0.8999273045797140 0.20847777128219605
epoch:00526 31.830079317067458 0.9006920287105764 0.20425141751766204
epoch:00527 31.779972308585258 0.8994164964595708 0.2093333989381790
epoch:00528 31.853407660695380 0.9005117974719541 0.2070285528898239
epoch:00529 31.833050623602010 0.9003002773641742 0.20372027903795242
epoch:00530 31.842529978212724 0.9003870059941447 0.20582548677921295
epoch:00531 31.857429587758503 0.9004817382778413 0.20674988627433777
epoch:00532 31.843657527451295 0.9004112941747990 0.2038293242454529
epoch:00533 31.813308306235832 0.9001148065555281 0.2048744887113571
epoch:00534 31.823710666819164 0.9002843450526736 0.2087988942861557
epoch:00535 31.846731793698968 0.9001790965158731 0.20555060356855392
epoch:00536 31.878069924320850 0.9005063888778129 0.2068416327238083
epoch:00537 31.813128214965370 0.8994456407739116 0.20914002060890197
epoch:00538 31.909079020253690 0.9013178020825174 0.20451351702213288
epoch:00539 31.816377776840977 0.9001003001566751 0.20813812613487243
epoch:00540 31.864831920922500 0.9010210325493150 0.20526744276285172
epoch:00541 31.889430145891880 0.9008523786046710 0.20536416471004487
epoch:00542 31.791615116171540 0.8995726791406433 0.2081995576620102
epoch:00543 31.866026220584864 0.9005916910700232 0.2053791344165802
epoch:00544 31.866647603104810 0.9005295950669294 0.20507484823465347
epoch:00545 31.813989320814166 0.8999593716105408 0.20697765052318573
epoch:00546 31.814165319947563 0.8999282334863340 0.20706922709941863
epoch:00547 31.853386129058975 0.9000570450287700 0.2037722200155258
epoch:00548 31.853824176128380 0.9003853773038865 0.20652600526809692
epoch:00549 31.771458898920294 0.8992427040493179 0.20729029476642608
epoch:00550 31.831167689360143 0.9007191590090697 0.20414459705352783
epoch:00551 31.864069601747843 0.9007553481163996 0.2047058343887329
epoch:00552 31.778268270465986 0.8987709482990816 0.20888910293579102
epoch:00553 31.850803734625806 0.9002606596747654 0.20382046699523926
epoch:00554 31.821715963455933 0.8998539837427069 0.2077765405178070
epoch:00555 31.899107605845995 0.9011222981077098 0.20568794012069702
epoch:00556 31.861486915250918 0.9006501791070839 0.20549933910369872
epoch:00557 31.863793791958074 0.9009249399893768 0.2071206182241440
epoch:00558 31.868602306839790 0.9006704816961042 0.20616801977157592
epoch:00559 31.893451427640070 0.9010214829192520 0.20576989352703096
epoch:00560 31.882764318981913 0.9008074404585299 0.2066604346036911
epoch:00561 31.898819230111740 0.9008243086858714 0.20319350808858871
epoch:00562 31.907636797315206 0.9013024358280258 0.20409696996212007
epoch:00563 31.886965620561188 0.9008583252625610 0.20735748559236528
epoch:00564 31.893359692794450 0.9009455153444812 0.20551282167434692
epoch:00565 31.807784593860436 0.9001962147477501 0.20505411326885223
epoch:00566 31.876326084034610 0.9004203348779012 0.20641408413648604
epoch:00567 31.835820718773032 0.9003664978794614 0.20627815425395965
epoch:00568 31.871277206369246 0.9007420027281121 0.20568153262138367
epoch:00569 31.885696796512537 0.9009115855855562 0.2052173763513565
epoch:00570 31.877015632271660 0.9009396327239452 0.20369044542312623
epoch:00571 31.833931086564327 0.9004202980133819 0.20561922192573548
epoch:00572 31.886375429420344 0.9007494353988978 0.20550993978977203
epoch:00573 31.861645502265540 0.9007303575843413 0.2074924439191818
epoch:00574 31.931033890653033 0.9012364228237626 0.20455863773822786
epoch:00575 31.850563791751785 0.9008329834214038 0.20632616579532623
epoch:00576 31.892053700151400 0.9013068466199556 0.2039575159549713
epoch:00577 31.864780303994216 0.9004295066825495 0.20659128725528716
epoch:00578 31.905706511306953 0.9010266412290318 0.20473073720932006
epoch:00579 31.910272596874620 0.9015075792114560 0.2052194967865944
epoch:00580 31.833515784901817 0.9005418033745476 0.20769180804491044
epoch:00581 31.811755629346350 0.9005081323133615 0.2062901735305786
epoch:00582 31.826988756011893 0.9004757259138996 0.20711097717285157
epoch:00583 31.868889775607585 0.9003783502194782 0.20474384725093842
epoch:00584 31.859962838068963 0.9010157187115115 0.20583071261644365
epoch:00585 31.821882993329684 0.9006174820043611 0.20437095761299134
epoch:00586 31.876615465508053 0.9010583109179773 0.20535904467105864
epoch:00587 31.874348924037452 0.9009943414863528 0.2059197187423706
epoch:00588 31.822368448752183 0.9001345928210842 0.20680822134017945
epoch:00589 31.845191720036360 0.9009968503574210 0.20403450429439546
epoch:00590 31.910784210070506 0.9013592215082484 0.20569004714488984
epoch:00591 31.887531002793956 0.9005720031336104 0.20575109124183655
epoch:00592 31.890825081290238 0.9011949879281994 0.2061221867799759
epoch:00593 31.894842266023694 0.9009659001601618 0.20517913550138472
epoch:00594 31.883040083500077 0.9010524491806464 0.20712583959102632
epoch:00595 31.864852876358450 0.9011703749440123 0.20609433352947235
epoch:00596 31.911064793390910 0.9013135624312009 0.20529110431671144
epoch:00597 31.867044882437340 0.9007882121059083 0.20363036543130875
epoch:00598 31.877548631738556 0.9006316208911093 0.20667316913604736
epoch:00599 31.932355051359470 0.9009767689754270 0.2050403833389282
epoch:00600 31.880002606486197 0.9008154842424213 0.20225369036197663
epoch:00601 31.869036715866155 0.9003591562089023 0.2065274029970169
epoch:00602 31.874367864946200 0.9005759101455183 0.20824110954999925
epoch:00603 31.904023397991390 0.9012629546566904 0.20634258687496185
epoch:00604 31.864521522655544 0.9007322063644679 0.2053258925676346
epoch:00605 31.898548750481325 0.9012691272451159 0.2056382864713669
epoch:00606 31.864647174436320 0.9008542455107877 0.20663198679685593
epoch:00607 31.906053626033753 0.9012011564997696 0.20599497109651566
epoch:00608 31.869418300813400 0.9006566159355562 0.2050659790635109
epoch:00609 31.884324287991234 0.9006790966243983 0.20730553567409515
epoch:00610 31.872067822552150 0.9007606311411726 0.20646723806858064
epoch:00611 31.884172880145400 0.9010253410451549 0.2024856001138687
epoch:00612 31.833141528277014 0.8998835598066142 0.20819074809551238
epoch:00613 31.900522808352584 0.9013988514845099 0.2050851732492447
epoch:00614 31.856182500376217 0.9007426961180641 0.20690777599811555
epoch:00615 31.899001812415560 0.9011164163367175 0.20485962331295013
epoch:00616 31.913285285402747 0.9015499717804003 0.20502225756645204
epoch:00617 31.893926242496480 0.9008418909280002 0.2054119348526001
epoch:00618 31.915805843794864 0.9010489603658364 0.20598371624946593
epoch:00619 31.842986434424823 0.9011717437378032 0.20186496078968047
epoch:00620 31.871895532029185 0.9011605697314536 0.20593367367982865
epoch:00621 31.910114146016390 0.9015602995301059 0.20436935722827912
epoch:00622 31.887028993495770 0.9005066319634143 0.20700921416282653
epoch:00623 31.865176292522783 0.9007245224198408 0.20592281073331833
epoch:00624 31.938195722217140 0.9015337220026799 0.20392033606767654
epoch:00625 31.887688168750582 0.9010943507296059 0.20587247163057326
epoch:00626 31.879765515273740 0.9011701163973503 0.20521823167800904
epoch:00627 31.906846506840463 0.9012459489582142 0.20565408766269683
epoch:00628 31.896990826063423 0.9011504019289613 0.20346486270427705
epoch:00629 31.966010592585924 0.9018569675593092 0.20551376342773436
epoch:00630 31.838749847885015 0.9006739284130889 0.2039468392729759
epoch:00631 31.919626330044412 0.9013430801306803 0.20441122353076935
epoch:00632 31.856843115378240 0.9008137913946689 0.20529418140649797
epoch:00633 31.913261280482494 0.9013967329236637 0.2049216642975807
epoch:00634 31.931893417140678 0.9015241357003265 0.2042297303676605
epoch:00635 31.896563883205772 0.9010379327854146 0.2052788943052292
epoch:00636 31.886992641693496 0.9010306722588160 0.2034969300031662
epoch:00637 31.924950706146284 0.9012980103205130 0.20385518968105315
epoch:00638 31.931894645733728 0.9017564730993053 0.2050236478447914
epoch:00639 31.836108389673710 0.9001323027267608 0.2083149343729019
epoch:00640 31.917039043072226 0.9013117137145337 0.20655326098203658
epoch:00641 31.830309378649265 0.9002380613525061 0.2084262639284134
epoch:00642 31.898068739639616 0.9012290049802198 0.2049807757139206
epoch:00643 31.890519559703886 0.9008883141643645 0.20510304272174834
epoch:00644 31.923272141700856 0.9013978946411212 0.20366934835910797
epoch:00645 31.915962370957250 0.9015103744342067 0.20353006273508073
epoch:00646 31.872136004041245 0.9012574677438083 0.20442816168069838
epoch:00647 31.898279794924356 0.9009019375288612 0.2053713470697403
epoch:00648 31.942154858226495 0.9019150475341735 0.2027026444673538
epoch:00649 31.897549381822376 0.9005996723068194 0.20082724392414092
epoch:00650 31.952208318859200 0.9015625455182649 0.20615441650152205
epoch:00651 31.920056552723730 0.9017214441117559 0.20389260202646256
epoch:00652 31.940295554245175 0.9014602244262792 0.2013237088918686
epoch:00653 31.906080650613980 0.9016594377387968 0.20429248213768006
epoch:00654 31.907676343665457 0.9010447738185619 0.20672468096017838
epoch:00655 31.926627818821988 0.9016193478717970 0.20543804466724397
epoch:00656 31.929723926697630 0.9014428285932826 0.2047076016664505
epoch:00657 31.917651728196110 0.9016195521172975 0.20395089983940123
epoch:00658 31.879324335393978 0.9011053435253242 0.20436560809612275
epoch:00659 31.878504639051602 0.9015290958187586 0.20341806560754777
epoch:00660 31.952716212453260 0.9018728519114433 0.20516590178012847
epoch:00661 31.877552215501247 0.9007983349853802 0.20681363046169282
epoch:00662 31.887429494573205 0.9012695994399174 0.2069063663482666
epoch:00663 31.923511544273616 0.9010245915913965 0.2045934408903122
epoch:00664 31.963315194087773 0.9019999681443819 0.20357438623905183
epoch:00665 31.931493647280610 0.9017193414690962 0.20423313081264496
epoch:00666 31.957213955902944 0.9018545739568031 0.20265423655509948
epoch:00667 31.893225153129343 0.9012237730005243 0.20399662256240844
epoch:00668 31.910353180354186 0.9011222995677877 0.20399296134710312
epoch:00669 31.923216329146406 0.9017427322924707 0.20401616096496583
epoch:00670 31.944125364486230 0.9021545557732867 0.2032670110464096
epoch:00671 31.872185311889304 0.9009748341549557 0.20588099360466003
epoch:00672 31.921892766465163 0.9016395987323060 0.2047911360859871
epoch:00673 31.924991092223387 0.9015191732316815 0.2054475113749504
epoch:00674 31.932621543638998 0.9013191824423277 0.20250414907932282
epoch:00675 31.946682781071870 0.9016137746967294 0.2053397148847580
epoch:00676 31.866414125894730 0.9010352254876370 0.20669500529766083
epoch:00677 31.930769443488725 0.9017344521289434 0.2054741770029068
epoch:00678 31.909346645383960 0.9013101944361874 0.2059050679206848
epoch:00679 31.916232367231594 0.9013851139799207 0.20259439647197724
epoch:00680 31.907746127562746 0.9014853793100164 0.20398675203323363
epoch:00681 31.869913348799145 0.9006214614345900 0.20587020516395568
epoch:00682 31.920140020917170 0.9013116598989372 0.20561083853244783
epoch:00683 31.947330519812397 0.9018641185015828 0.2042835071682930
epoch:00684 31.931619263944690 0.9017023734811571 0.20533036887645723
epoch:00685 31.913680964443266 0.9009911832906881 0.2040091872215271
epoch:00686 31.935668937816570 0.9014729431247026 0.20529845654964446
epoch:00687 31.926267898707330 0.9014399136855460 0.20686708986759186
epoch:00688 31.922560553343080 0.9011533666720647 0.20425417125225068
epoch:00689 31.941713701375942 0.9017561552811089 0.2044038161635399
epoch:00690 31.948700248228100 0.9015373850451540 0.20590492188930512
epoch:00691 31.952152343135980 0.9016342450063768 0.2052270919084549
epoch:00692 31.893559254597770 0.9015191279115351 0.20659942626953126
epoch:00693 31.909335620494215 0.9016993482196316 0.2032664179801941
epoch:00694 31.920871565115710 0.9018850918839064 0.20349373370409013
epoch:00695 31.932763705401772 0.9013678700435331 0.20660163313150406
epoch:00696 31.942421937965076 0.9016749977756369 0.20424254536628722
epoch:00697 31.933698317475810 0.9015148561136355 0.20540081858634948
epoch:00698 31.935971300404738 0.9016916416055167 0.20500052869319915
epoch:00699 31.945723553698720 0.9019771258113751 0.20535633862018585
epoch:00700 31.915433394031385 0.9010055098814063 0.20826756209135056
epoch:00701 31.962840206827188 0.9019013785579360 0.20414161384105683
epoch:00702 31.939424935109543 0.9012145674132677 0.20649926662445067
epoch:00703 31.918789425369333 0.9014425248433113 0.2041901469230652
epoch:00704 31.923677504996324 0.9015098937019446 0.20343589782714844
epoch:00705 31.965290090468734 0.9022913860077377 0.2054232567548752
epoch:00706 31.978100490679964 0.9023178087174356 0.20463484823703765
epoch:00707 31.926086963832113 0.9018156756486011 0.20463889539241792
epoch:00708 31.934681410824140 0.9016728957649717 0.20349733531475067
epoch:00709 31.934478491698435 0.9014470628626338 0.2032725676894188
epoch:00710 31.950012127204264 0.9015038307860748 0.2049362003803253
epoch:00711 31.974325939289220 0.9023779128320740 0.2040278971195221
epoch:00712 31.960867588790700 0.9025229717482827 0.2048177868127823
epoch:00713 31.964364106681433 0.9017550936958605 0.2065659373998642
epoch:00714 31.917755097413334 0.9013609430600484 0.20520161390304564
epoch:00715 31.942441390393594 0.9019901789933525 0.20384780019521714
epoch:00716 31.963417119958060 0.9017629677754420 0.20478228628635406
epoch:00717 31.892818092111764 0.9011730425535053 0.20320519655942917
epoch:00718 31.934320222001247 0.9012761714810530 0.20495353937149047
epoch:00719 31.977291801110983 0.9021871504387915 0.20383742451667786
epoch:00720 31.949508102727698 0.9019949366102015 0.20401112735271454
epoch:00721 31.915759531048945 0.9014169664309509 0.20295460522174835
epoch:00722 31.939510776198716 0.9014848654527683 0.20273857414722443
epoch:00723 31.880403491438727 0.9015118243115573 0.20458458513021469
epoch:00724 31.943377057241218 0.9015227782947720 0.2052436277270317
epoch:00725 31.870337034543354 0.9012336333497466 0.20255067348480224
epoch:00726 31.952263121029310 0.9017965955818863 0.2033429205417633
epoch:00727 31.936852176537286 0.9018266674595591 0.2033701643347740
epoch:00728 31.960595147917150 0.9024494157473008 0.20308212637901307
epoch:00729 31.928644523067305 0.9016055546352304 0.20803546905517578
epoch:00730 31.938171720173365 0.9017837055361009 0.20532458424568176
epoch:00731 31.951771651551184 0.9014561695081718 0.20579197704792024
epoch:00732 31.919446996969590 0.9015107666425818 0.20401729941368102
epoch:00733 31.926071700598860 0.9016200186090255 0.20535497069358827
epoch:00734 31.947972436374993 0.9015651348408371 0.20516823530197142
epoch:00735 31.864803791139273 0.9007486901131958 0.20339333713054658
epoch:00736 31.956861478789847 0.9019740725550693 0.20303988456726074
epoch:00737 31.987965869400153 0.9024091420458170 0.20353069603443147
epoch:00738 31.868685470421696 0.9003754130926518 0.20660628080368043
epoch:00739 31.945473230059850 0.9019812533208856 0.2041913628578186
epoch:00740 31.936016680033397 0.9018549076895723 0.20493343770503997
epoch:00741 31.973355853624450 0.9021434660744809 0.20449258536100387
epoch:00742 31.946918944883503 0.9019453216101420 0.20498278737068176
epoch:00743 31.891969150645840 0.9002978622155287 0.20906796902418137
epoch:00744 31.975682904569464 0.9022438131710697 0.20245591849088668
epoch:00745 31.986875033243860 0.9025929631852747 0.20288650393486024
epoch:00746 31.934852164912524 0.9018722477968127 0.2034143775701523
epoch:00747 31.970090660538197 0.9020559938781704 0.2035225048661232
epoch:00748 31.886620272114328 0.9009345866309653 0.20713832825422288
epoch:00749 31.936704517939510 0.9019175488675435 0.2052968978881836
epoch:00750 31.839100886383030 0.9004478549884775 0.20673055052757264
epoch:00751 31.943284975643290 0.9017761734214919 0.20491707026958467
epoch:00752 31.959462683017712 0.9016547026937174 0.20599416196346282
epoch:00753 31.957134589820930 0.9021481102622205 0.20437297523021697
epoch:00754 31.983985774181313 0.9024189042524574 0.20367176979780197
epoch:00755 31.967941160938630 0.9021111399731367 0.20571157932281495
epoch:00756 31.937985883745500 0.9016495093690668 0.20450507700443268
epoch:00757 31.975241217089128 0.9022483854053964 0.20409533232450486
epoch:00758 31.971407267139206 0.9022772066260701 0.20400007963180541
epoch:00759 31.954583923505368 0.9018078909382276 0.2053426980972290
epoch:00760 31.964580171986626 0.9016236678323370 0.20468737185001373
epoch:00761 31.990729821870456 0.9023672745201496 0.20388829410076142
epoch:00762 31.942608243582896 0.9015812325625763 0.2056339293718338
epoch:00763 31.945576098711864 0.9015718394284328 0.20759924948215486
epoch:00764 31.952931654357700 0.9024454759188705 0.20479806363582612
epoch:00765 31.870903155501907 0.9009872699566156 0.20668367594480513
epoch:00766 31.982240673616094 0.9023507162903026 0.20312970280647277
epoch:00767 31.973761034245598 0.9025258470427591 0.2039472743868828
epoch:00768 31.949158457293386 0.9019933734249694 0.20419542789459227
epoch:00769 31.970031530909590 0.9022984491559700 0.2022574335336685
epoch:00770 31.963379757216120 0.9019850296141542 0.20418294072151183
epoch:00771 31.899819218698800 0.9012447001310097 0.2048039823770523
epoch:00772 31.940929307242100 0.9024069145629475 0.2021802082657814
epoch:00773 32.001127850716856 0.9022715754865807 0.20510421097278594
epoch:00774 31.982678614209390 0.9024960442941872 0.20331231355667115
epoch:00775 31.935560612615006 0.9014833048603579 0.20431401431560517
epoch:00776 32.010794850077750 0.9023524161736199 0.2024862289428711
epoch:00777 31.947109550329124 0.9022600257850508 0.20362583845853804
epoch:00778 31.949497417623360 0.9017231542271202 0.20601851493120193
epoch:00779 31.942778440965560 0.9016662907642097 0.20496715903282164
epoch:00780 31.992043148594700 0.9021070792192182 0.20324943959712982
epoch:00781 31.962841250519810 0.9017291973152618 0.20505218505859374
epoch:00782 31.968581948279148 0.9018082259749193 0.20458718836307527
epoch:00783 31.965148866133518 0.9020599302632635 0.2050715059041977
epoch:00784 31.958194461506356 0.9016163429761465 0.20340559333562852
epoch:00785 31.995892704789856 0.9022779603619228 0.20450984686613083
epoch:00786 31.947360010073690 0.9014042675883074 0.20754750967025756
epoch:00787 31.995942209154748 0.9022001400905211 0.20266592502593994
epoch:00788 31.930636292892824 0.9012274561835285 0.20442767888307573
epoch:00789 31.961615013109082 0.9014936545589359 0.20510275065898895
epoch:00790 32.007817115391795 0.9021724785490308 0.20319147557020187
epoch:00791 31.990568242774696 0.9021980591998817 0.2033965378999710
epoch:00792 31.979589924535038 0.9022539257900732 0.2042321413755417
epoch:00793 31.927438260264285 0.9011980177222656 0.2039697140455246
epoch:00794 32.021859863658975 0.9022860658066163 0.20402874052524567
epoch:00795 31.974350899739807 0.9024966078796932 0.20253250300884246
epoch:00796 32.000554999999310 0.9027076953145649 0.20405629575252532
epoch:00797 31.984869518635783 0.9020985563014217 0.20199825763702392
epoch:00798 31.984049459240715 0.9021929372533055 0.2048861026763916
epoch:00799 31.998656068121726 0.9025433557032831 0.20407538414001464
epoch:00800 31.921870559029390 0.9014613287873295 0.2053523391485214
epoch:00801 31.996180967073684 0.9025960088441914 0.20245413035154342
epoch:00802 31.917223386104915 0.9010372317588315 0.20623405575752257
epoch:00803 31.990148703507806 0.9025195974075378 0.20367755889892578
epoch:00804 31.951801022962684 0.9019107839164008 0.2055306166410446
epoch:00805 31.911722597508030 0.9015975874602363 0.2046216368675232
epoch:00806 32.014691237672240 0.9025963744571934 0.20233728885650634
epoch:00807 32.008770223473380 0.9028530992276662 0.20212797522544862
epoch:00808 31.975222478637455 0.9020931616479530 0.2041994273662567
epoch:00809 32.003294340714945 0.9022672863727760 0.20397185981273652
epoch:00810 31.954063804137000 0.9019443246402108 0.20251088440418244
epoch:00811 31.995983943528223 0.9024251227686338 0.2036833092570305
epoch:00812 31.993972356831524 0.9025650169922492 0.20276728719472886
epoch:00813 31.926858152106046 0.9014107288517609 0.2047480896115303
epoch:00814 31.997180692490424 0.9021648474489383 0.20507461577653885
epoch:00815 31.942504752716292 0.9016107235692875 0.20483415722846984
epoch:00816 32.005188935517566 0.9026431086929498 0.20396315753459932
epoch:00817 32.028216168049410 0.9027080757909461 0.2026218906044960
epoch:00818 31.969335757651030 0.9021458028623689 0.20354148447513581
epoch:00819 31.925576109269333 0.9019163453235100 0.20159996151924134
epoch:00820 31.954087193020598 0.9020774018901676 0.20392596423625947
epoch:00821 31.939761663302512 0.9014427757824433 0.2034849762916565
epoch:00822 31.984377530806093 0.9022466835585050 0.20542230308055878
epoch:00823 31.957862499502028 0.9020337906689591 0.20468625128269197
epoch:00824 31.998026207159597 0.9026131351364530 0.2030440717935562
epoch:00825 31.992636480763270 0.9025967444833727 0.20293741524219513
epoch:00826 31.978766082165457 0.9023815941931289 0.20276127457618714
epoch:00827 32.020865842376594 0.9029662420601511 0.2018226072192192
epoch:00828 31.996306727847230 0.9026536863515678 0.2016354411840439
epoch:00829 31.926977792539105 0.9015389439035939 0.2056054323911667
epoch:00830 31.996178857633500 0.9028589935061081 0.2032720446586609
epoch:00831 31.976666728421794 0.9022372879325010 0.2022769957780838
epoch:00832 32.027838085710850 0.9027407369093078 0.20225270688533784
epoch:00833 31.983453394697598 0.9023510645663867 0.20344257354736328
epoch:00834 31.994556158102064 0.9023634802194737 0.2024988055229187
epoch:00835 32.006341170517680 0.9026047989830388 0.20405733287334443
epoch:00836 31.993552102169980 0.9020066001821867 0.2056082695722580
epoch:00837 32.046086391663600 0.9028658493367372 0.20287882089614867
epoch:00838 31.977551123191994 0.9019037189111125 0.20552678257226945
epoch:00839 32.017547630122830 0.9021469424266384 0.20360645055770873
epoch:00840 32.016402061267990 0.9027814418319288 0.20248831659555436
epoch:00841 31.952158165788482 0.9018090730004340 0.20462559759616852
epoch:00842 32.005195333967706 0.9026694058002181 0.20424464344978333
epoch:00843 32.004993607680035 0.9026104301090797 0.20360899567604065
epoch:00844 31.951793209598815 0.9017486038517644 0.20357284247875213
epoch:00845 32.011526049733290 0.9023896541881558 0.20347254276275634
epoch:00846 31.973341715362790 0.9020246308427012 0.20269304811954497
epoch:00847 32.043671741723315 0.9030973111201266 0.20238906145095825
epoch:00848 32.032760016680200 0.9025636507953747 0.20361513793468475
epoch:00849 32.014570447069910 0.9024180651147556 0.20519471019506455
epoch:00850 32.017015078947510 0.9023970008033123 0.20458506941795349
epoch:00851 32.022961488308410 0.9028944807506132 0.20172766745090484
epoch:00852 32.035163517534590 0.9027822150930545 0.20250336229801177
epoch:00853 32.005106377457230 0.9025790302824361 0.20234143733978271
epoch:00854 31.971075001888800 0.9018180340274278 0.20397142618894576
epoch:00855 32.018624593972670 0.9025218866635878 0.20375421941280364
epoch:00856 32.014107834216740 0.9024297066355654 0.20362588465213777
epoch:00857 32.024377949488155 0.9027147735500318 0.2028272867202759
epoch:00858 31.983697493073883 0.9023416735685927 0.20234648287296295
epoch:00859 31.990492699126300 0.9019214651892021 0.20350036919116973
epoch:00860 31.980413157476796 0.9025195104548704 0.20348994731903075
epoch:00861 32.038317085827010 0.9030749433389331 0.20248411893844603
epoch:00862 31.994547557186387 0.9022522468134255 0.20355961918830873
epoch:00863 31.971034114736586 0.9022914263320450 0.20283952951431275
epoch:00864 31.992901674426456 0.9024297303576352 0.20128226429224014
epoch:00865 31.965627930454180 0.9020088831335757 0.20473793894052505
epoch:00866 31.990545411154500 0.9020621005838461 0.20575933158397675
epoch:00867 31.973505820679044 0.9017655898281477 0.2051219016313553
epoch:00868 31.967012040211877 0.9020110312499682 0.20384472012519836
epoch:00869 32.014387608192450 0.9028009975971882 0.20324811935424805
epoch:00870 32.024910552933235 0.9025093986316948 0.20269465446472168
epoch:00871 32.024440362435610 0.9025368200130879 0.2022675335407257
epoch:00872 31.986757545220303 0.9022064436802729 0.2053831323981285
epoch:00873 32.001433021967070 0.9028240545683961 0.20183499157428741
epoch:00874 32.001295594564010 0.9024559099855145 0.2014355480670929
epoch:00875 31.987169615178410 0.9027995107278135 0.19969481974840164
epoch:00876 32.017432881866334 0.9027567582302094 0.20305859446525573
epoch:00877 32.039566728287280 0.9029842638539032 0.20266849994659425
epoch:00878 32.021969701273600 0.9028853631011124 0.20364071130752565
epoch:00879 32.022697140611854 0.9025705112024669 0.2042100340127945
epoch:00880 31.987820319162477 0.9022714107190819 0.20314996540546418
epoch:00881 31.993812485868410 0.9025530801142031 0.20338742136955262
epoch:00882 32.001468236316070 0.9025304693985408 0.20301734805107116
epoch:00883 32.005116886491480 0.9023602540659272 0.20383516550064087
epoch:00884 32.033240506151290 0.9028544972272545 0.20224046260118483
epoch:00885 31.981024425454830 0.9021830627550507 0.2045656993985176
epoch:00886 31.951019784658150 0.9017421297955070 0.20578323006629945
epoch:00887 32.002067174432106 0.9025175104201992 0.2036956638097763
epoch:00888 31.997001519064230 0.9023054776979673 0.2044102281332016
epoch:00889 31.986131260372304 0.9025362146251468 0.20415135025978087
epoch:00890 32.000797336775015 0.9023243497176880 0.20507028698921204
epoch:00891 32.006774934403250 0.9027565580713313 0.2030618220567703
epoch:00892 32.015932050867430 0.9024959782911424 0.20403977036476134
epoch:00893 32.035199510821930 0.9026408635514770 0.20467932522296906
epoch:00894 32.000670425797370 0.9023519290785901 0.2027610272169113
epoch:00895 31.997111079992060 0.9024532566295228 0.20440507531166077
epoch:00896 31.996226977785920 0.9024180831191385 0.20402002036571504
epoch:00897 31.983116132775160 0.9024178553353762 0.20163985788822175
epoch:00898 31.999869077715317 0.9027492037680436 0.20263875722885133
epoch:00899 32.038332497547350 0.9027363900604879 0.20332517027854918
epoch:00900 32.038151032669490 0.9028331828560390 0.20403187572956086
epoch:00901 32.004180761267760 0.9023200510262397 0.2033921241760254
epoch:00902 32.048900711038684 0.9030149689462572 0.20328801572322847
epoch:00903 31.990112738831026 0.9023115125257087 0.20350514054298402
epoch:00904 31.971961218364118 0.9022467632997675 0.20476583689451217
epoch:00905 32.009731494056360 0.9026444612780077 0.20174189805984497
epoch:00906 32.016851600907096 0.9022965118526987 0.20304056107997895
epoch:00907 32.023164414507500 0.9029522234539730 0.20309490263462066
epoch:00908 32.020539443305110 0.9027800952161094 0.20467874109745027
epoch:00909 32.020964439870760 0.9029838781399937 0.20260098427534104
epoch:00910 32.003999880247626 0.9022729921055637 0.20476837158203126
epoch:00911 32.007366547127150 0.9027753379079199 0.20277824103832245
epoch:00912 32.019528767800445 0.9024689176460937 0.20296488404273988
epoch:00913 32.022758603878195 0.9027707003255067 0.2027967482805252
epoch:00914 31.979547370784196 0.9018938958328746 0.20295700430870056
epoch:00915 32.014343332059700 0.9028192239127769 0.20407765507698059
epoch:00916 31.981742230062770 0.9017772634555138 0.20557153820991517
epoch:00917 32.026861355184390 0.9026780898420185 0.20318457186222078
epoch:00918 32.018606984054585 0.9024488835250823 0.20330636203289032
epoch:00919 31.952532828827167 0.9019183969431979 0.20450929999351503
epoch:00920 32.032027690091340 0.9024153314458949 0.2040374234318733
epoch:00921 32.017392018750150 0.9026886190065699 0.2033886194229126
epoch:00922 31.970366781933542 0.9016791990667163 0.20401871651411058
epoch:00923 31.992107110363786 0.9022806953314874 0.20469164997339248
epoch:00924 32.009635878673620 0.9025183904471928 0.20422804057598115
epoch:00925 32.016013178683340 0.9026495093423567 0.2037467896938324
epoch:00926 32.005703857055590 0.9024478906837328 0.2038768619298935
epoch:00927 32.004834974387016 0.9026895521116330 0.20398149490356446
epoch:00928 31.982843079856640 0.9025255537076587 0.2030508726835251
epoch:00929 32.012224718446220 0.9024124319042789 0.2032919079065323
epoch:00930 32.047753769940490 0.9032092728785447 0.20135924816131592
epoch:00931 32.010549565694376 0.9026360524907225 0.20277776271104814
epoch:00932 32.026058613803250 0.9029612527133638 0.20133553296327591
epoch:00933 31.978503205509820 0.9025246797197506 0.20472365617752075
epoch:00934 31.977247296033504 0.9021279699165697 0.20583613961935043
epoch:00935 31.966292062562170 0.9016733582523970 0.20622410327196122
epoch:00936 32.032224939884730 0.9026385408296587 0.2042279288172722
epoch:00937 32.037878515361300 0.9029235854059345 0.2041182443499565
epoch:00938 32.039883831346934 0.9029199655517047 0.2034297451376915
epoch:00939 32.053426029912150 0.9032195120310839 0.2008258193731308
epoch:00940 32.007324606209934 0.9027157441430960 0.20312816500663758
epoch:00941 32.010496114396254 0.9022815039596775 0.2033187448978424
epoch:00942 32.028318657992870 0.9026506409639158 0.20436397045850754
epoch:00943 32.050240720563120 0.9031928609968745 0.20145074278116226
epoch:00944 32.020380115794204 0.9028634232246464 0.20190056264400483
epoch:00945 32.058726880659790 0.9028383407311349 0.20319150090217591
epoch:00946 32.039656658710655 0.9025714520976035 0.2057969406247139
epoch:00947 32.023973982116370 0.9026326174627988 0.20280565023422242
epoch:00948 32.022390902307060 0.9027271760808844 0.2045742616057396
epoch:00949 31.989961802956714 0.9016438278247361 0.20738777071237563
epoch:00950 31.989130425587900 0.9022807906280608 0.20417221635580063
epoch:00951 32.035724935381820 0.9025275346346700 0.20352568328380585
epoch:00952 32.040807670822610 0.9031442914985235 0.20353512316942216
epoch:00953 32.014143351786870 0.9028169391163093 0.20288581997156144
epoch:00954 32.042475671507820 0.9027797764380981 0.2028491809964180
epoch:00955 31.969029183335180 0.9017199918608837 0.20554844737052919
epoch:00956 32.005992698004110 0.9025046466584697 0.20376859456300736
epoch:00957 32.025042477351360 0.9029563581012979 0.2030115693807602
epoch:00958 32.025750473714410 0.9027573149408141 0.20138664543628693
epoch:00959 32.025832445634710 0.9025765336530490 0.20328026115894318
epoch:00960 32.018055977778330 0.9027044615698567 0.20264926850795745
epoch:00961 32.024440490469530 0.9026122631227300 0.2039798155426979
epoch:00962 32.015569224899316 0.9022890149215259 0.20457768738269805
epoch:00963 32.051773670974320 0.9030625644162292 0.2041207194328308
epoch:00964 32.062329404259465 0.9029583528244369 0.20260934233665467
epoch:00965 32.029181117844146 0.9025061085524276 0.20259821712970733
epoch:00966 32.026929788164280 0.9023048255942167 0.20358034819364548
epoch:00967 32.075746157573840 0.9033563661109134 0.20182513296604157
epoch:00968 32.024892227529214 0.9029790615295127 0.20230990946292876
epoch:00969 32.037419958131100 0.9030037576883805 0.20234260708093643
epoch:00970 32.041716892131870 0.9028744611358910 0.2034516528248787
epoch:00971 32.044613822596530 0.9029284401760236 0.20354166775941848
epoch:00972 32.055093339298070 0.9030685039980790 0.20245683193206787
epoch:00973 32.062957194340530 0.9030843289934042 0.2031468152999878
epoch:00974 32.053362431592010 0.9029784071318133 0.20306221544742584
epoch:00975 32.022062178437060 0.9027590485857564 0.20351457446813584
epoch:00976 32.047422718970060 0.9031000265431899 0.20186403691768645
epoch:00977 32.050489284938380 0.9029004572769544 0.20433570593595504
epoch:00978 32.001907954942716 0.9027838745193730 0.20254956185817719
epoch:00979 32.035095674449380 0.9031452515222556 0.20252671986818313
epoch:00980 32.032588933130670 0.9026597759709686 0.20553267896175384
epoch:00981 32.024674568036204 0.9029468656715002 0.20256859809160233
epoch:00982 32.062061380550320 0.9032423473275708 0.20286783576011658
epoch:00983 32.038438909519880 0.9026890921476390 0.20289451032876968
epoch:00984 32.009933844722920 0.9023890223250961 0.20421753823757172
epoch:00985 32.027526285409510 0.9028650859596267 0.20200468897819518
epoch:00986 32.030236864361900 0.9031264043314504 0.2025718867778778
epoch:00987 32.064065611682030 0.9029427199701476 0.2031428784132004
epoch:00988 32.054870627562500 0.9032313791587420 0.20170111656188966
epoch:00989 32.011921473407440 0.9027354488379862 0.20281469374895095
epoch:00990 32.054541851005480 0.9031815568070807 0.20281119644641876
epoch:00991 32.049645658325076 0.9030598473860623 0.20312745571136476
epoch:00992 32.067861000185380 0.9033222967124459 0.20379253178834916
epoch:00993 32.042396119405886 0.9030754521768255 0.20359832644462586
epoch:00994 32.023885066189614 0.9028300298099478 0.20281615257263183
epoch:00995 32.028276395671310 0.9030188730703257 0.20245911478996276
epoch:00996 32.041663258311090 0.9031613391825090 0.20327264368534087
epoch:00997 31.989721499159117 0.9025359361642824 0.2043166995048523
epoch:00998 32.008128133473654 0.9024162133363977 0.20487140864133835
epoch:00999 32.034921511708160 0.9030549295215448 0.20342891812324523
epoch:01000 32.042022913876636 0.9029013395282787 0.20215200632810593
epoch:01001 32.009306157423325 0.9027310148384975 0.20321761667728425
epoch:01002 32.025542119165060 0.9026353937791788 0.20363992899656297
epoch:01003 32.047512026687244 0.9029868486444916 0.2028116375207901
epoch:01004 32.039520200538384 0.9027445399656916 0.20326655060052873
epoch:01005 32.004939918897485 0.9024810864511277 0.20488544702529907
epoch:01006 32.045760615821344 0.9030534566376180 0.20331481397151946
epoch:01007 32.012653726905484 0.9025143315393885 0.20413217395544053
epoch:01008 32.019517442099710 0.9027907089783387 0.20257357656955718
epoch:01009 32.085799720438830 0.9034388045835222 0.2026363879442215
epoch:01010 32.043919663729110 0.9029343114534459 0.20163443982601165
epoch:01011 32.042501011582930 0.9026943706246218 0.2036231890320778
epoch:01012 32.026690988347084 0.9025685749675073 0.2034249186515808
epoch:01013 31.983746524197890 0.9025221339848717 0.20514363646507264
epoch:01014 32.073880141259150 0.9034123268598808 0.2033832088112831
epoch:01015 32.055233368434630 0.9030763220187037 0.20351338386535645
epoch:01016 31.966179314448800 0.9018934591829719 0.20522977262735367
epoch:01017 32.088784350377360 0.9031861643738749 0.20264073610305786
epoch:01018 32.050400675235970 0.9029832581240841 0.2031625509262085
epoch:01019 32.049991741436260 0.9029522834880510 0.20246668308973312
epoch:01020 32.040443406378394 0.9030956711488495 0.20224329829216003
epoch:01021 32.051985295709560 0.9031250897870565 0.2020553708076477
epoch:01022 32.062886214721345 0.9031954846444858 0.20284150540828705
epoch:01023 32.058119016038410 0.9030150820805931 0.20319846868515015
epoch:01024 32.046818380547030 0.9029245616857209 0.20390020459890365
epoch:01025 32.060804160416790 0.9036146822484940 0.2016719326376915
epoch:01026 32.000368597080310 0.9024213055119887 0.2020665690302849
epoch:01027 32.081836641559790 0.9034707211678473 0.20282488465309143
epoch:01028 32.026418641502700 0.9027706832279394 0.20323672592639924
epoch:01029 32.069064359938270 0.9031934165870013 0.20269910991191864
epoch:01030 32.059433323056760 0.9036080452857241 0.20151339769363402
epoch:01031 32.028869338609404 0.9025817518285887 0.2044571101665497
epoch:01032 32.043912900089154 0.9028103896836978 0.20193231254816055
epoch:01033 32.025772799926000 0.9028066127729831 0.2032775968313217
epoch:01034 32.063583178989470 0.9030513969902272 0.20324077159166337
epoch:01035 32.047686349442200 0.9031306515921124 0.20342033803462983
epoch:01036 32.065449113888256 0.9036009981029316 0.20208971500396727
epoch:01037 32.046184170484740 0.9027279357994866 0.20305622071027757
epoch:01038 32.037221940603940 0.9030222479576755 0.20425311774015426
epoch:01039 32.044322813223330 0.9031485545671742 0.20120265185832978
epoch:01040 32.052586340100035 0.9029649533242408 0.20313734859228133
epoch:01041 32.063709117714030 0.9030087700902516 0.2022489607334137
epoch:01042 32.021690123735695 0.9025177358216702 0.20534639209508895
epoch:01043 32.057224107817690 0.9029159622205892 0.20221859514713286
epoch:01044 32.069851906057910 0.9031918581109760 0.20300634503364562
epoch:01045 32.057774236895020 0.9031087231172487 0.20384762287139893
epoch:01046 32.088179945277560 0.9033361020929027 0.2029501199722290
epoch:01047 32.036244218078660 0.9027887711126914 0.2042631536722183
epoch:01048 32.023077572518740 0.9024977521754552 0.20313892811536788
epoch:01049 32.018571047984395 0.9022883847689146 0.20437184274196624
epoch:01050 32.051930819837200 0.9030756206316124 0.20257269740104675
epoch:01051 32.030003178865464 0.9027036413983055 0.2037137359380722
epoch:01052 32.032550715988960 0.9030140149423442 0.2032082349061966
epoch:01053 32.053129535003380 0.9030804895735336 0.2043796956539154
epoch:01054 32.062159211342860 0.9032212637741273 0.20335978120565415
epoch:01055 32.069268382636680 0.9030865728426567 0.20462018251419067
epoch:01056 32.004243452679475 0.9025260428502042 0.20381926447153093
epoch:01057 32.039974259380310 0.9030193195548332 0.20352842211723327
epoch:01058 32.034339724343330 0.9025735347242403 0.20485874265432358
epoch:01059 32.081211635690110 0.9034620587449809 0.20260106027126312
epoch:01060 32.085200581642330 0.9033276386248605 0.20269499123096466
epoch:01061 32.027090168732730 0.9030734993334629 0.2037216991186142
epoch:01062 32.071376704435850 0.9032541677773720 0.20304515361785888
epoch:01063 32.064656951301230 0.9030928020676040 0.20276685655117035
epoch:01064 32.058699580139330 0.9032541044854069 0.20236044824123384
epoch:01065 32.039849888213396 0.9030069940221672 0.2037133425474167
epoch:01066 32.068409476892780 0.9033017024862605 0.20294493436813354
epoch:01067 32.037182929404540 0.9026675639054492 0.20538586378097534
epoch:01068 32.049067931099245 0.9031500099972822 0.20360398292541504
epoch:01069 32.030852889882890 0.9030930869921624 0.20241867303848265
epoch:01070 32.070840450330010 0.9031881328499647 0.20288189202547074
epoch:01071 32.060429357744800 0.9033499754263079 0.2026013344526291
epoch:01072 32.099531368123415 0.9038450858895098 0.2023959219455719
epoch:01073 32.072688023921540 0.9036583367678916 0.20234462916851043
epoch:01074 32.070319619359750 0.9033609452219465 0.20275061279535295
epoch:01075 32.041925927545520 0.9029523415702807 0.2025329738855362
epoch:01076 32.048066742944386 0.9029792340005468 0.20315833687782286
epoch:01077 32.042756694348880 0.9034068286477897 0.2024189352989197
epoch:01078 32.079889738863066 0.9033861399431118 0.20337785482406617
epoch:01079 32.074846992891440 0.9033899649435281 0.20397124141454698
epoch:01080 32.097159120208424 0.9036452265644715 0.20245291590690612
epoch:01081 32.052092985477410 0.9030926159460992 0.20312817990779877
epoch:01082 32.068775535515115 0.9033427633870522 0.20287543535232544
epoch:01083 32.052700643819010 0.9033916607118865 0.20304235965013503
epoch:01084 32.074510446562200 0.9035615578506293 0.20314325094223024
epoch:01085 32.053631942865124 0.9033935756002764 0.2022998183965683
epoch:01086 32.053951669756074 0.9034020858054633 0.20164765864610673
epoch:01087 32.063687268150545 0.9033811197576386 0.20239925384521484
epoch:01088 32.053684076643990 0.9030953984460661 0.2018152430653572
epoch:01089 32.055582563048440 0.9031881461387290 0.20122016668319703
epoch:01090 31.989916208427230 0.9022365665781592 0.20529071390628814
epoch:01091 32.037706179816290 0.9027628175151452 0.20368917882442475
epoch:01092 32.072995439713750 0.9032109245133622 0.20381888449192048
epoch:01093 32.068308326778094 0.9031793398851970 0.20341598689556123
epoch:01094 32.059348328979090 0.9031690378702709 0.20285433381795884
epoch:01095 32.073758771495530 0.9031778303830273 0.20304883569478988
epoch:01096 32.086674013830900 0.9033078602585715 0.20278337597846985
epoch:01097 32.038745646775220 0.9030389062350854 0.20215618312358857
epoch:01098 32.067261278886100 0.9031523737101745 0.20370372533798217
epoch:01099 32.075983131269744 0.9031777362885698 0.20259917974472047
epoch:01100 32.057719577225610 0.9031514813816310 0.20345686972141266
epoch:01101 32.061026058175590 0.9030154511758648 0.2039469525218010
epoch:01102 32.034111417332255 0.9024495681580950 0.20422253608703614
epoch:01103 32.096667570457114 0.9037129579491239 0.2026636242866516
epoch:01104 32.046522864789490 0.9029143569399982 0.2039580225944519
epoch:01105 32.037031721211136 0.9027267173222103 0.2037411332130432
epoch:01106 32.047199091411740 0.9028649595295045 0.20333847105503083
epoch:01107 32.065301468202435 0.9033320882995364 0.20305004417896272
epoch:01108 32.068130784218510 0.9031611439874142 0.2027406781911850
epoch:01109 32.054731160014500 0.9032670867283497 0.20168222934007646
epoch:01110 32.094988192447420 0.9036155235214738 0.2033146232366562
epoch:01111 32.065069690988670 0.9034999239376218 0.20212366282939911
epoch:01112 32.088159897332980 0.9036776502473591 0.2027601718902588
epoch:01113 32.071652620067570 0.9035873920519497 0.20192137062549592
epoch:01114 32.102079790787656 0.9035379351907151 0.20337491035461425
epoch:01115 32.081592649506376 0.9037844132255032 0.20121548771858216
epoch:01116 32.044189616714860 0.9030521231949802 0.20281933844089509
epoch:01117 32.074528923684895 0.9033696520676070 0.20260385870933534
epoch:01118 32.073698071353874 0.9032511040375549 0.2019954055547714
epoch:01119 32.063388105930630 0.9033325682887317 0.2016998142004013
epoch:01120 32.072771550257166 0.9030900834472769 0.20390795320272445
epoch:01121 32.092563352541400 0.9033244677370025 0.20136438310146332
epoch:01122 32.093277810853210 0.9036374419354225 0.2020960718393326
epoch:01123 32.088628981757810 0.9036170043444003 0.2020358622074127
epoch:01124 32.059491999557260 0.9031556835302327 0.2018864020705223
epoch:01125 31.998178373598172 0.9031161908147235 0.20278630554676055
epoch:01126 32.061848346251350 0.9032419090575058 0.20243919044733047
epoch:01127 32.029158132442795 0.9030222071790088 0.2020869582891464
epoch:01128 32.087425238494290 0.9035212646267640 0.20255743712186813
epoch:01129 32.071746242802135 0.9033266390378758 0.20271320790052413
epoch:01130 32.074403329864325 0.9032153477619174 0.20273474752902984
epoch:01131 31.978853476403422 0.9026367405165135 0.20301216542720796
epoch:01132 32.041262868390625 0.9033345388985967 0.20305278897285461
epoch:01133 32.067320435853890 0.9035964872300697 0.20190412402153016
epoch:01134 32.068966768161130 0.9030158900238028 0.20381442904472352
epoch:01135 32.052899545243880 0.9033186362645139 0.2034057080745697
epoch:01136 32.065015921119000 0.9033396101850275 0.2035128265619278
epoch:01137 32.004586477027814 0.9032305183983615 0.2010526806116104
epoch:01138 32.045300931340435 0.9033243499467783 0.20330508947372436
epoch:01139 32.050804914217620 0.9035675760372415 0.20216998606920242
epoch:01140 32.077768260360600 0.9033850153889731 0.20366052389144898
epoch:01141 32.050082483598686 0.9033603942638866 0.20267975628376006
epoch:01142 32.064127945379354 0.9035363130525385 0.2034508004784584
epoch:01143 32.073911147640466 0.9036697602277186 0.20205521881580352
epoch:01144 32.098869456095606 0.9038820713958113 0.2019217461347580
epoch:01145 32.078709880810850 0.9035805885604244 0.20265734791755677
epoch:01146 32.057354315971510 0.9032395828788875 0.20268009901046752
epoch:01147 32.098486669745130 0.9038522696090840 0.20072404146194459
epoch:01148 32.047310535414920 0.9035451034471841 0.20252812504768372
epoch:01149 32.105884675461450 0.9038737910873234 0.20155810415744782
epoch:01150 32.082689565854560 0.9034815699196873 0.20293544083833695
epoch:01151 32.106892068017570 0.9038818800660605 0.20287893414497377
epoch:01152 32.114998871648640 0.9039087020091501 0.20256226062774657
epoch:01153 32.102626331237545 0.9038680786040396 0.20201947987079621
epoch:01154 32.083718192104920 0.9035474518578180 0.2037168711423874
epoch:01155 32.084559616976820 0.9036838062006367 0.20304622501134872
epoch:01156 32.100532842641810 0.9036515337542985 0.2013010174036026
epoch:01157 32.085728491336060 0.9035866498693170 0.20290496647357942
epoch:01158 32.089019576494250 0.9036126024830418 0.2038189500570297
epoch:01159 32.068932465501350 0.9031496717375174 0.2031008630990982
epoch:01160 32.020414115468434 0.9030121870773599 0.20373236387968063
epoch:01161 32.081711365093526 0.9035765071215186 0.2021794795989990
epoch:01162 32.054315899692796 0.9035246114863320 0.20310206860303878
epoch:01163 32.108371544824855 0.9038941734913577 0.2024523437023163
epoch:01164 32.059202992048580 0.9033500431268576 0.20399546027183532
epoch:01165 32.081477873971590 0.9032017971414348 0.20230995416641234
epoch:01166 32.089220125288660 0.9038645577122475 0.2019222155213356
epoch:01167 32.097623551445000 0.9037834813523146 0.20237044095993043
epoch:01168 32.096391729019140 0.9037089499778777 0.20173872709274293
epoch:01169 32.052854328000340 0.9030760238475652 0.20213984251022338
epoch:01170 32.095021066320676 0.9037004436127243 0.20363518595695496
epoch:01171 32.087130869597445 0.9035341112114041 0.20370672941207885
epoch:01172 32.100080789404090 0.9036161848461628 0.20248813331127166
epoch:01173 32.070140113059070 0.9035349766653440 0.2023220658302307
epoch:01174 32.102099111170610 0.9039328911297156 0.2020407348871231
epoch:01175 32.097492776987920 0.9037358774412617 0.2029206335544586
epoch:01176 32.088847705212650 0.9035055681209039 0.20178257375955583
epoch:01177 32.085572487493470 0.9037309640461446 0.20219609439373015
epoch:01178 32.101992227245220 0.9039437046098169 0.20146775543689727
epoch:01179 32.088627353642110 0.9037329394770565 0.20198707282543182
epoch:01180 32.093533479807670 0.9035806637012730 0.2025421828031540
epoch:01181 32.083299330340630 0.9034025528200302 0.20336172878742217
epoch:01182 32.071678530738670 0.9033350089488072 0.2045907571911812
epoch:01183 32.070633479265396 0.9036482970579435 0.2031419813632965
epoch:01184 32.073672647534174 0.9035950027743530 0.20212453305721284
epoch:01185 32.094509640724716 0.9037325010242950 0.20328130424022675
epoch:01186 32.077159673585754 0.9034723181115087 0.20144579112529754
epoch:01187 32.096374582292924 0.9037065008946454 0.20337807089090348
epoch:01188 32.111135105487720 0.9036496557571183 0.20363480895757674
epoch:01189 32.072364668493310 0.9034737569682179 0.20400830656290053
epoch:01190 32.096750047659086 0.9036718199779198 0.20302705764770507
epoch:01191 32.082120865388390 0.9034356001715278 0.20328606516122819
epoch:01192 32.102263142310720 0.9040154794277864 0.2018271729350090
epoch:01193 32.067949397932324 0.9033560841862185 0.20417782366275788
epoch:01194 32.109805274835516 0.9040114198873674 0.20284776389598846
epoch:01195 32.096829854199790 0.9036336400428068 0.2025483176112175
epoch:01196 32.080391193473940 0.9035363680985524 0.20235047340393067
epoch:01197 32.094381752525070 0.9037724405114052 0.20303883850574495
epoch:01198 32.079966054518730 0.9037998892274655 0.2025773912668228
epoch:01199 32.110008577664020 0.9038141433155147 0.20281888842582702
epoch:01200 32.088298118243500 0.9037603440459238 0.20221150517463685
epoch:01201 32.092524236243190 0.9037182079108768 0.2030572235584259
epoch:01202 32.075319925912250 0.9032195873826192 0.20382921695709227
epoch:01203 32.102828846650546 0.9039705328567905 0.20243316292762756
epoch:01204 32.086442477047420 0.9037374416334473 0.20335274189710617
epoch:01205 32.085834865641230 0.9037509818514877 0.20289736986160278
epoch:01206 32.069985731845335 0.9033314789544118 0.20151369273662567
epoch:01207 32.071729223435035 0.9035634723516666 0.20289054811000823
epoch:01208 32.084535355812360 0.9034239464853788 0.2043036162853241
epoch:01209 32.092613107100890 0.9039057766435821 0.20243496298789979
epoch:01210 32.106745952534986 0.9039116205711158 0.2026085913181305
epoch:01211 32.097480096160076 0.9039339169439560 0.20244703888893129
epoch:01212 32.068887400984450 0.9033200627565197 0.2038447380065918
epoch:01213 32.107494191099350 0.9038336827001790 0.2020988106727600
epoch:01214 32.111052597778010 0.9037313534192570 0.20366903245449067
epoch:01215 32.067101055340020 0.9035349306964923 0.20205469131469728
epoch:01216 32.105828483229466 0.9036324774834295 0.20323708653450012
epoch:01217 32.088380303640605 0.9035545116577058 0.2028599739074707
epoch:01218 32.101959224593860 0.9038194099805151 0.2025088071823120
epoch:01219 32.127258431554210 0.9039494183158562 0.20206109881401063
epoch:01220 32.112570339149855 0.9037230421390403 0.2020032897591591
epoch:01221 32.057670097633260 0.9033397949588627 0.2022892177104950
epoch:01222 32.066004672157870 0.9033582647679783 0.20168120563030242
epoch:01223 32.120622960917290 0.9040491465064164 0.2016626238822937
epoch:01224 32.085724276657700 0.9038752432014604 0.20099603086709977
epoch:01225 32.109359241785320 0.9039835740198232 0.20320988595485687
epoch:01226 32.107183747664266 0.9037505182509282 0.20266597121953964
epoch:01227 32.092129927315970 0.9036973129720378 0.20306889414787294
epoch:01228 32.093041045875204 0.9038031747412367 0.20296207070350647
epoch:01229 32.094289278920726 0.9039350574425308 0.20145509839057923
epoch:01230 32.103746879838994 0.9038515215774303 0.2024969071149826
epoch:01231 32.113326307281070 0.9038244122638351 0.20250821709632874
epoch:01232 32.090901109358360 0.9040072456144532 0.20246998965740204
epoch:01233 32.122711948945920 0.9038661471427691 0.2027898147702217
epoch:01234 32.111575878196900 0.9042032974980960 0.2024293839931488
epoch:01235 32.067935430216586 0.9033886050824970 0.20255617499351503
epoch:01236 32.078097141047050 0.9034780613982500 0.2027226448059082
epoch:01237 32.104567139954100 0.9039901359534390 0.2030766338109970
epoch:01238 32.079030611749390 0.9034214296744439 0.20217528343200683
epoch:01239 32.114101263131330 0.9039860383998481 0.20240420401096343
epoch:01240 32.081753737658445 0.9038019775061834 0.20162189453840257
epoch:01241 32.056988362987810 0.9032983865484164 0.20319961309432982
epoch:01242 32.072038042663486 0.9039248321024452 0.2020329385995865
epoch:01243 32.086654940072640 0.9038174889024161 0.2026359975337982
epoch:01244 32.108267559520560 0.9040189344196708 0.20254733711481093
epoch:01245 32.111132301202430 0.9039325937805410 0.20115566849708558
epoch:01246 32.094928045540350 0.9038559206685177 0.20305125713348388
epoch:01247 32.078399417630970 0.9037444704503288 0.20251544564962387
epoch:01248 32.108412014370150 0.9038085064106551 0.2019984245300293
epoch:01249 32.095755293149580 0.9038122960171229 0.2029416248202324
epoch:01250 32.123213739280020 0.9041097416832619 0.20235583782196045
epoch:01251 32.107245390905600 0.9038405569421325 0.2023841470479965
epoch:01252 32.097305380115010 0.9036257128262116 0.20355329662561417
epoch:01253 32.104200042407000 0.9039324570650544 0.2027861014008522
epoch:01254 32.137421437089410 0.9040538722542835 0.20226575583219528
epoch:01255 32.099555773850610 0.9037848308612670 0.20382253229618072
epoch:01256 32.102551704948280 0.9036828078656611 0.20304712951183318
epoch:01257 32.099341078973030 0.9037522093973575 0.2027045100927353
epoch:01258 32.095027674987350 0.9035816775912868 0.20320549756288528
epoch:01259 32.098112237799520 0.9036832371728190 0.20248019844293594
epoch:01260 32.091109269375934 0.9037061986016541 0.20298671573400498
epoch:01261 32.095995199281230 0.9036609968033323 0.20287164449691772
epoch:01262 32.037350452313554 0.9028940931111433 0.20508349537849427
epoch:01263 32.052416506492754 0.9032917512870036 0.20145643204450608
epoch:01264 32.098774692188370 0.9035118582333752 0.20334753543138503
epoch:01265 32.088557105822070 0.9036853502060541 0.20124297440052033
epoch:01266 32.101640992244185 0.9039198088470568 0.20289851129055023
epoch:01267 32.104029173995144 0.9038701706771111 0.20283377468585967
epoch:01268 32.068164532011390 0.9034455958273935 0.20322940349578858
epoch:01269 32.070702251116230 0.9033927383179015 0.20380539447069168
epoch:01270 32.100550936352550 0.9037777300487828 0.20257373452186583
epoch:01271 32.096520870282420 0.9037752103291062 0.20246955007314682
epoch:01272 32.093520920527650 0.9035892182987038 0.2035014361143112
epoch:01273 32.108467456269146 0.9039365879172110 0.20283318310976028
epoch:01274 32.092756016342130 0.9040191641331722 0.20245210826396942
epoch:01275 32.097603928257726 0.9040102938094972 0.20215306729078292
epoch:01276 32.090674299326835 0.9039125902969840 0.20325356125831603
epoch:01277 32.112599915897220 0.9039591870992043 0.20211735516786575
epoch:01278 32.108958860882050 0.9037645094790534 0.20294247567653656
epoch:01279 32.109432690272160 0.9038364384249640 0.2029043585062027
epoch:01280 32.097528260630085 0.9038597497091325 0.2027387648820877
epoch:01281 32.084588006382525 0.9034647115632211 0.20407655239105224
epoch:01282 32.108096329999360 0.9039375593847888 0.20249578654766082
epoch:01283 32.107439315477244 0.9038677009706166 0.20258909612894058
epoch:01284 32.094883639621756 0.9038268308641649 0.20287373960018157
epoch:01285 32.085544245516630 0.9037381111085369 0.2024485021829605
epoch:01286 32.099402622230180 0.9037831670572434 0.20114239156246186
epoch:01287 32.123763135106586 0.9040091624699903 0.20199952125549317
epoch:01288 32.051004998515920 0.9034162668204990 0.2023491933941841
epoch:01289 32.104424792528086 0.9038958103412856 0.20326822251081467
epoch:01290 32.099287825649340 0.9038605383336502 0.2039629802107811
epoch:01291 32.069878944667565 0.9033519404985103 0.20303048342466354
epoch:01292 32.057288507575194 0.9035817715414156 0.20253748595714569
epoch:01293 32.065796479111180 0.9029795101843632 0.20426057875156403
epoch:01294 32.121101973888650 0.9040135207196711 0.20158638954162597
epoch:01295 32.122844852444416 0.9039366021509292 0.20255328565835953
epoch:01296 32.084663906002160 0.9037890139764683 0.20164918154478073
epoch:01297 32.117543897324204 0.9041116358884297 0.20195652544498444
epoch:01298 32.120540109334740 0.9041257043732565 0.20266788601875305
epoch:01299 32.094963332236055 0.9041440071377765 0.20209477841854095
epoch:01300 32.086602166914970 0.9038049768000997 0.20248383581638335
epoch:01301 32.111780702896326 0.9038792974652790 0.20402962267398833
epoch:01302 32.110006516971020 0.9040593525975567 0.20187721252441407
epoch:01303 32.116180323617380 0.9041130791049905 0.20239497423171998
epoch:01304 32.101261971454270 0.9038553623692234 0.20193919986486436
epoch:01305 32.118471648858850 0.9040911522672033 0.2016515240073204
epoch:01306 32.111768463090400 0.9038958434594513 0.20264408588409424
epoch:01307 32.125970361918680 0.9043676942057889 0.2027234286069870
epoch:01308 32.118846550713940 0.9042390978004791 0.20211680978536606
epoch:01309 32.112305481757880 0.9040041155829561 0.2023874431848526
epoch:01310 32.087389982498415 0.9037543273540555 0.20245768427848815
epoch:01311 32.086102937052694 0.9036231513237043 0.20252385139465331
epoch:01312 32.101245783231810 0.9038717675264426 0.20118737816810608
epoch:01313 32.094352066980800 0.9038569593549148 0.2027065008878708
epoch:01314 32.106498155727910 0.9039706045650115 0.2019105702638626
epoch:01315 32.078894754501090 0.9035237359649455 0.2031542479991913
epoch:01316 32.047723021412890 0.9028313179146294 0.20410875082015992
epoch:01317 32.092814684930050 0.9038378785648419 0.20329866111278533
epoch:01318 32.085780468802696 0.9040260072370669 0.20190276205539703
epoch:01319 32.082573259264660 0.9037418570063499 0.20189472734928132
epoch:01320 32.101210064307710 0.9037177598220085 0.2033555954694748
epoch:01321 32.077499391300634 0.9035534163135601 0.20369682908058168
epoch:01322 32.094922045107950 0.9040126084029385 0.20278540551662444
epoch:01323 32.098339106112900 0.9039354031594300 0.20406897068023683
epoch:01324 32.096527328126946 0.9037092589627569 0.20228186696767808
epoch:01325 32.083765598664480 0.9037496198438477 0.2025179460644722
epoch:01326 32.097448757541670 0.9040070231385666 0.20293818414211273
epoch:01327 32.089590452750585 0.9037218711985325 0.20298969447612764
epoch:01328 32.094703307464340 0.9038003155137643 0.2021684005856514
epoch:01329 32.079211533892970 0.9034058103091441 0.2028418004512787
epoch:01330 32.108464515515290 0.9040704025593869 0.2028153806924820
epoch:01331 32.085287453670006 0.9039462907099474 0.20159041583538057
epoch:01332 32.079766108788900 0.9037980897540091 0.20307373404502868
epoch:01333 32.094851478203780 0.9037705018918070 0.20315276682376862
epoch:01334 32.104211096820320 0.9041158300238334 0.20204209983348848
epoch:01335 32.127161612694850 0.9041968710060313 0.20272691547870636
epoch:01336 32.097155474671300 0.9037557852386364 0.20284352004528045
epoch:01337 32.113957453394920 0.9038318599316757 0.2027480959892273
epoch:01338 32.115755107663020 0.9039776005430206 0.2027323603630066
epoch:01339 32.094035755146760 0.9041420152214205 0.20157637000083922
epoch:01340 32.095607934582390 0.9038592373617431 0.20210350751876832
epoch:01341 32.114795129941754 0.9040144281895733 0.20253693163394929
epoch:01342 32.108808519381185 0.9038499802354905 0.20284245163202286
epoch:01343 32.088909720049500 0.9036761701240202 0.20265750586986542
epoch:01344 32.093031962176130 0.9036403083491823 0.20305172801017762
epoch:01345 32.122355091859670 0.9042131109314170 0.2019876077771187
epoch:01346 32.108242511499080 0.9040052184313531 0.20307570397853852
epoch:01347 32.120170333996890 0.9041352452578044 0.20259322971105576
epoch:01348 32.127238237278640 0.9043407841462265 0.20225701630115508
epoch:01349 32.122763852764464 0.9040883940853697 0.20225004255771636
epoch:01350 32.086013284013134 0.9038706400808760 0.2022450700402260
epoch:01351 32.100005232811290 0.9034969938655948 0.20373070240020752
epoch:01352 32.070854124961050 0.9033625592020769 0.20420403331518172
epoch:01353 32.098097798846790 0.9037793482664078 0.20268613398075103
epoch:01354 32.099279986707000 0.9040645678639965 0.20266764760017394
epoch:01355 32.118099295736270 0.9041010561564147 0.20266229659318924
epoch:01356 32.075483906200844 0.9033686575259257 0.2035616710782051
epoch:01357 32.078463555100130 0.9039504383648408 0.20293087512254715
epoch:01358 32.093599399175370 0.9040198060991077 0.2030760109424591
epoch:01359 32.115417450836570 0.9039936793688919 0.20333603918552398
epoch:01360 32.110383893145540 0.9039934128020022 0.20275419652462007
epoch:01361 32.137087610026250 0.9041919762448913 0.2026355445384979
epoch:01362 32.108770957460630 0.9037435098582591 0.2030256211757660
epoch:01363 32.099975977091220 0.9040809906952235 0.2030223935842514
epoch:01364 32.094706846782510 0.9037958779665219 0.20329160392284393
epoch:01365 32.121157345190240 0.9040902857873115 0.2023991897702217
epoch:01366 32.134107502035720 0.9044768358561240 0.2013293132185936
epoch:01367 32.090097732030390 0.9038739269311048 0.2015650153160095
epoch:01368 32.104944818561210 0.9037469262492583 0.2041750892996788
epoch:01369 32.135611534609220 0.9041590869922306 0.20341207534074784
epoch:01370 32.121372920672980 0.9040734426294105 0.20356723815202712
epoch:01371 32.088053782006966 0.9039006192930774 0.20248972177505492
epoch:01372 32.092189367454280 0.9039894101929292 0.20287588536739348
epoch:01373 32.078456928495530 0.9038754357831633 0.2028045102953911
epoch:01374 32.105040364072885 0.9041021210012785 0.20271142721176147
epoch:01375 32.125761517421280 0.9041898828871767 0.2029017299413681
epoch:01376 32.084419349204644 0.9041375300463199 0.20166889876127242
epoch:01377 32.105479063969980 0.9038869664026205 0.2035643458366394
epoch:01378 32.136870408974900 0.9041625821657476 0.20300049781799318
epoch:01379 32.122004657927940 0.9039733244191765 0.2034952461719513
epoch:01380 32.106690474062380 0.9038611383166655 0.20366688668727875
epoch:01381 32.120566468059366 0.9041106880931059 0.20363996773958207
epoch:01382 32.123765855399114 0.9042949126222586 0.20216587483882903
epoch:01383 32.102651986679376 0.9041512298597357 0.20386778861284255
epoch:01384 32.082634476613390 0.9036753698968276 0.2038858115673065
epoch:01385 32.134316503185396 0.9043865092009856 0.20195330679416656
epoch:01386 32.122441949768500 0.9042599830564416 0.2027403250336647
epoch:01387 32.134220393751136 0.9042060373112820 0.20254458785057067
epoch:01388 32.119681524017670 0.9043112891458531 0.20257002413272857
epoch:01389 32.121346524588200 0.9043143741031846 0.2023847684264183
epoch:01390 32.122311166778050 0.9038700473621392 0.2031860351562500
epoch:01391 32.126268611486350 0.9041646951375556 0.20236873626708984
epoch:01392 32.123094600439510 0.9043838365519605 0.20174800753593444
epoch:01393 32.108122653923000 0.9042626169581306 0.20221890807151793
epoch:01394 32.104704742836220 0.9039014354964527 0.20319468826055526
epoch:01395 32.109655043378080 0.9038807219489320 0.20342639684677125
epoch:01396 32.095872991043020 0.9036393767410592 0.2040696084499359
epoch:01397 32.087317692474450 0.9038733477478985 0.2024355411529541
epoch:01398 32.076373047404680 0.9035326076906823 0.20403102338314055
epoch:01399 32.088815182211036 0.9036794573663365 0.20254602134227753
epoch:01400 32.118337524837230 0.9040371267848082 0.20295570492744447
epoch:01401 32.105791103678240 0.9040043229370947 0.20303184986114503
epoch:01402 32.125028885536320 0.9041152342019878 0.2026210531592369
epoch:01403 32.137532871151336 0.9042532690274433 0.20242981612682343
epoch:01404 32.103788058337800 0.9038173747509328 0.2036158949136734
epoch:01405 32.118774161803636 0.9041611351635277 0.20335943400859832
epoch:01406 32.100298737566580 0.9038081542923596 0.20394954085350037
epoch:01407 32.100383068819170 0.9041226666722821 0.20255485475063323
epoch:01408 32.103278450822070 0.9038956668345598 0.20322979092597962
epoch:01409 32.100338391005884 0.9041318660899311 0.20251230597496034
epoch:01410 32.113364399297350 0.9039376697317149 0.20302435755729675
epoch:01411 32.090050436314370 0.9036329836515758 0.20310203433036805
epoch:01412 32.099864477820210 0.9038948128853386 0.20280210971832274
epoch:01413 32.066136580102970 0.9032593144667729 0.2042249321937561
epoch:01414 32.086464396777720 0.9040846885456906 0.2023986905813217
epoch:01415 32.115197168050320 0.9039323476189954 0.20289574563503265
epoch:01416 32.104264998650990 0.9042709061610198 0.2026616707444191
epoch:01417 32.115991289586376 0.9042492611239021 0.20126730799674988
epoch:01418 32.146967245708254 0.9042707032705796 0.20143164098262786
epoch:01419 32.129396401001240 0.9042584382088086 0.20243515968322753
epoch:01420 32.126292213265970 0.9041320861269412 0.2016045182943344
epoch:01421 32.115265059248160 0.9040857675598408 0.2031814992427826
epoch:01422 32.116821361560590 0.9038350669035890 0.20415668487548827
epoch:01423 32.124519125993860 0.9039110479944625 0.20346769988536834
epoch:01424 32.096669049295930 0.9036843993125881 0.20352784991264344
epoch:01425 32.123130255718350 0.9042082397519870 0.20248019993305205
epoch:01426 32.126617561019020 0.9039757348554172 0.20370601266622543
epoch:01427 32.102986866463760 0.9038312109917175 0.20334469079971312
epoch:01428 32.139523692075330 0.9041047056132138 0.20317994058132172
epoch:01429 32.111863982330380 0.9041707449745816 0.20315006971359253
epoch:01430 32.092662475354780 0.9037562450707680 0.2029867023229599
epoch:01431 32.125476085823020 0.9042076147900560 0.20246742963790892
epoch:01432 32.132833032216620 0.9043322556897092 0.20257051289081573
epoch:01433 32.135376109517380 0.9042024437395625 0.2028358519077301
epoch:01434 32.108565213908870 0.9039428991633990 0.20278221368789673
epoch:01435 32.101150232499000 0.9038703976862850 0.2034217208623886
epoch:01436 32.092601383990070 0.9039693336144465 0.20230221152305602
epoch:01437 32.093169785036820 0.9038677658156434 0.20277960300445558
epoch:01438 32.104914565343066 0.9038597518743583 0.2023938924074173
epoch:01439 32.094295962256110 0.9039687509828299 0.2018674060702324
epoch:01440 32.098152957886110 0.9038568891480743 0.20338745713233947
epoch:01441 32.095086972787000 0.9037783545292214 0.20278061032295228
epoch:01442 32.127837685340360 0.9041155823753485 0.2023552894592285
epoch:01443 32.118579585415810 0.9040957966233923 0.20297617316246033
epoch:01444 32.126366714008654 0.9042535752054134 0.20260270684957504
epoch:01445 32.115603439455235 0.9038530115102024 0.20324357151985167
epoch:01446 32.104935572924220 0.9038728989948457 0.2032202735543251
epoch:01447 32.098736089482216 0.9039849453217572 0.20283881276845933
epoch:01448 32.125882663147010 0.9041944444511945 0.20275529623031616
epoch:01449 32.135968587121150 0.9044266415385230 0.2021905004978180
epoch:01450 32.137682310152700 0.9043659317923071 0.20267738699913024
epoch:01451 32.129113840134980 0.9043632566722891 0.20261330753564835
epoch:01452 32.105748367936400 0.9042129192274790 0.2011138081550598
epoch:01453 32.114874818753925 0.9040332734895624 0.20259486734867097
epoch:01454 32.127586693658166 0.9042005583381922 0.20198735892772673
epoch:01455 32.121229817722950 0.9041924066317210 0.2016419932246208
epoch:01456 32.091640936964936 0.9038475850015404 0.2030237913131714
epoch:01457 32.127314938405160 0.9041948795663192 0.2028476446866989
epoch:01458 32.101645629155875 0.9042188157718056 0.2015281319618225
epoch:01459 32.088068321322204 0.9036132435290432 0.20363491773605347
epoch:01460 32.125594603508645 0.9040604354261141 0.2042587384581566
epoch:01461 32.118929860325140 0.9043108865295201 0.2023366466164589
epoch:01462 32.125361944730010 0.9043030648346898 0.20254639089107512
epoch:01463 32.142909417062580 0.9045892367671158 0.20163440704345703
epoch:01464 32.128354165390030 0.9043599293230015 0.2020617276430130
epoch:01465 32.123541962933540 0.9042852706620863 0.2024463087320328
epoch:01466 32.115426059853530 0.9041930706906571 0.20347439646720886
epoch:01467 32.126572205367474 0.9040872939225716 0.20242136418819429
epoch:01468 32.102067375475926 0.9041448561585586 0.20102684199810028
epoch:01469 32.126826578978310 0.9043843182974305 0.20161697119474412
epoch:01470 32.133838392253810 0.9044568031370048 0.20236605107784272
epoch:01471 32.122863657005410 0.9040378411759148 0.20382384806871415
epoch:01472 32.126178354438395 0.9041270646084254 0.20291174948215485
epoch:01473 32.115599999038544 0.9041147866904320 0.20270731151103974
epoch:01474 32.123476869082530 0.9040651453471591 0.20276007056236267
epoch:01475 32.138524227817770 0.9040229847436965 0.2033840075135231
epoch:01476 32.125090369751824 0.9042923946727572 0.20254899561405182
epoch:01477 32.122460369813430 0.9040360049489120 0.2023674339056015
epoch:01478 32.136272568833690 0.9045801268418672 0.20222567915916442
epoch:01479 32.143477952759860 0.9042147561082107 0.20322281122207642
epoch:01480 32.140598509487724 0.9042084046690574 0.20253156125545502
epoch:01481 32.125220399891490 0.9043206441090481 0.20238057374954224
epoch:01482 32.127814621453050 0.9042384873359905 0.20301967561244966
epoch:01483 32.107474504445250 0.9040020379503846 0.20277321040630342
epoch:01484 32.111719909192146 0.9039719827452626 0.2032723605632782
epoch:01485 32.113043913295550 0.9040788952962810 0.20264362692832946
epoch:01486 32.120931164897050 0.9042605760385106 0.20235981047153473
epoch:01487 32.133468328708700 0.9041696983138087 0.2029688686132431
epoch:01488 32.138192979981230 0.9043306166027756 0.20199819803237914
epoch:01489 32.131913173191420 0.9044468283913545 0.2019294649362564
epoch:01490 32.135430642681015 0.9044394402706490 0.20204817205667497
epoch:01491 32.135241432235890 0.9043057145561164 0.2023532882332802
epoch:01492 32.140977728774736 0.9042252345738978 0.20175086855888366
epoch:01493 32.156110084076445 0.9044645464225491 0.2021845042705536
epoch:01494 32.120667976701110 0.9040183987373686 0.20403608828783035
epoch:01495 32.120267604698070 0.9041891718349204 0.20288916528224946
epoch:01496 32.098433948356090 0.9040904109153951 0.20325652062892913
epoch:01497 32.148925670423330 0.9043211484478763 0.20245893001556398
epoch:01498 32.128392543132776 0.9043861679567767 0.20199500620365143
epoch:01499 32.140509517419560 0.9043812559330890 0.20257398635149002
epoch:01500 32.104314616458470 0.9041600656677641 0.20281588435173034
epoch:01501 32.114412492149924 0.9042406150663898 0.2028437778353691
epoch:01502 32.116256222652474 0.9039890214860750 0.2033608913421631
epoch:01503 32.134169548070270 0.9043792795310935 0.20222557038068772
epoch:01504 32.139756016933270 0.9043558075190219 0.20242779701948166
epoch:01505 32.117122187930700 0.9043407533961926 0.2019818663597107
epoch:01506 32.099668589922820 0.9038176735619396 0.2032831311225891
epoch:01507 32.123972401720025 0.9041168080068520 0.20268665850162507
epoch:01508 32.132164265873730 0.9041784704074413 0.20205528438091278
epoch:01509 32.119679276822140 0.9042259858856190 0.2031676709651947
epoch:01510 32.154266827218850 0.9043991859583468 0.20294680893421174
epoch:01511 32.131420255460036 0.9042039304937066 0.20319669246673583
epoch:01512 32.142485843044210 0.9043633784995441 0.20201273262500763
epoch:01513 32.134169280307010 0.9044715957727650 0.20239910781383513
epoch:01514 32.118736641863336 0.9040839105898698 0.20202361345291137
epoch:01515 32.118483376551715 0.9039031211962818 0.20323936641216278
epoch:01516 32.087531596910620 0.9042044653638802 0.2021678239107132
epoch:01517 32.121457273321205 0.9044171636660427 0.20231854617595674
epoch:01518 32.101457221934126 0.9040592959777497 0.20231316536664962
epoch:01519 32.136212660504725 0.9043903052536422 0.2028669148683548
epoch:01520 32.101853936956960 0.9039874468611178 0.20291629135608674
epoch:01521 32.124606840599160 0.9042221800917268 0.2027405560016632
epoch:01522 32.120672612114770 0.9042418716353436 0.2026010662317276
epoch:01523 32.139480257118060 0.9045257638442896 0.20225876569747925
epoch:01524 32.129698456923940 0.9044180004207434 0.20157663077116011
epoch:01525 32.110940430539380 0.9043013380150278 0.2023191601037979
epoch:01526 32.142217941062150 0.9044660023046671 0.2019883856177330
epoch:01527 32.129668957794590 0.9043462885604846 0.20276440680027008
epoch:01528 32.143460611053300 0.9045947201347785 0.20179397165775298
epoch:01529 32.132125541089260 0.9042344818656380 0.2026350364089012
epoch:01530 32.158991058731470 0.9042549594147408 0.20322546660900115
epoch:01531 32.133338858443660 0.9041099304850209 0.2031923472881317
epoch:01532 32.144694985109690 0.9044869684907384 0.2025792717933655
epoch:01533 32.156314129375990 0.9047638361256334 0.20143958628177644
epoch:01534 32.128651756411850 0.9041844022226909 0.20324884951114655
epoch:01535 32.135745430004030 0.9044558717385582 0.20253482162952424
epoch:01536 32.135181664738960 0.9044283029906037 0.20158476233482361
epoch:01537 32.156946144810800 0.9045326435060765 0.2021414741873741
epoch:01538 32.145274552058545 0.9043469578163755 0.20284944474697114
epoch:01539 32.154534438261166 0.9046063948074254 0.20260052233934403
epoch:01540 32.144366272853530 0.9045256509796709 0.20200367867946625
epoch:01541 32.143652952555620 0.9044095821047214 0.20209021866321564
epoch:01542 32.149262115051540 0.9045842651157990 0.20113675594329833
epoch:01543 32.137372154365230 0.9042360252184750 0.20251552760601044
epoch:01544 32.150516676459894 0.9043761554455134 0.20338606238365173
epoch:01545 32.139822857061610 0.9042738759714972 0.20241412222385408
epoch:01546 32.100738508733910 0.9039385959707331 0.2015656679868698
epoch:01547 32.150078430441400 0.9045354920077180 0.20197604596614838
epoch:01548 32.146054232609150 0.9043262628282100 0.20259872674942017
epoch:01549 32.150353111046780 0.9042155839204028 0.2028395339846611
epoch:01550 32.144233911698414 0.9043004022874671 0.2028033822774887
epoch:01551 32.135118561827504 0.9044264514099642 0.2019611507654190
epoch:01552 32.122729164826000 0.9043537873041958 0.2019757241010666
epoch:01553 32.140198547961200 0.9042772451674415 0.2031045913696289
epoch:01554 32.148232344096954 0.9043669514440376 0.20300189554691314
epoch:01555 32.133901381363500 0.9041484045265360 0.20330750644207002
epoch:01556 32.136578885456780 0.9041528332683575 0.20303597450256347
epoch:01557 32.125653087433040 0.9041515734363834 0.2034914404153824
epoch:01558 32.156191875633716 0.9044003880694561 0.20237010717391968
epoch:01559 32.127189317298956 0.9041083697883787 0.20376853495836258
epoch:01560 32.156283254539140 0.9046651042419607 0.2024594008922577
epoch:01561 32.143416778687340 0.9044587187028525 0.20229513049125672
epoch:01562 32.143878263817830 0.9042318164047838 0.20263831615447997
epoch:01563 32.119213310263360 0.9038637662654126 0.2040296673774719
epoch:01564 32.151444873534786 0.9044093449785977 0.20252926647663116
epoch:01565 32.123529703299570 0.9040968086082796 0.20296527445316315
epoch:01566 32.136064471101880 0.9042843550139766 0.2024342566728592
epoch:01567 32.112620790497940 0.9039309290272565 0.2024606481194496
epoch:01568 32.139110929543286 0.9041891418008641 0.20351345837116241
epoch:01569 32.130813701734200 0.9041190927744160 0.20297926515340806
epoch:01570 32.128011739889230 0.9041571622780713 0.20196627378463744
epoch:01571 32.134059080267260 0.9043739316473010 0.20266610532999038
epoch:01572 32.109214259544320 0.9040754516578533 0.20337374210357667
epoch:01573 32.135787585543070 0.9045916511688089 0.2019496113061905
epoch:01574 32.136029361964404 0.9044924761689191 0.2019355982542038
epoch:01575 32.114416334403580 0.9039854612294571 0.20300480872392654
epoch:01576 32.130612278100486 0.9043160153688110 0.20240340530872344
epoch:01577 32.149402350616020 0.9044803202818089 0.20261983424425126
epoch:01578 32.155721905812285 0.9046831269324688 0.20173049867153167
epoch:01579 32.156933358340890 0.9046864886267469 0.2027105838060379
epoch:01580 32.125242135114470 0.9042455893986998 0.20245999842882156
epoch:01581 32.121960615682840 0.9044097567952379 0.20129190385341644
epoch:01582 32.122761253903050 0.9043062559226552 0.2021202802658081
epoch:01583 32.129309710892920 0.9044160246719952 0.20233771204948425
epoch:01584 32.118318423663354 0.9043907160625209 0.20217660665512086
epoch:01585 32.138544287735940 0.9041813239330029 0.20272912830114365
epoch:01586 32.147028189216755 0.9045347124830304 0.20175003111362458
epoch:01587 32.164577843813380 0.9046569348812465 0.2018725648522377
epoch:01588 32.147461404263040 0.9043692458318606 0.20277368426322936
epoch:01589 32.132472911590720 0.9041031991772108 0.2030166804790497
epoch:01590 32.159556593800815 0.9044553112960794 0.20214015245437622
epoch:01591 32.153763250590480 0.9045966022576678 0.20237239599227905
epoch:01592 32.156740758791340 0.9045075010707102 0.20190822333097458
epoch:01593 32.147392028943910 0.9041781750654063 0.20312496423721313
epoch:01594 32.159515280120070 0.9046404590163185 0.2018146961927414
epoch:01595 32.148209591016810 0.9044430722245578 0.20245802402496338
epoch:01596 32.143423193639060 0.9042490345567611 0.20305496603250503
epoch:01597 32.177712028519530 0.9046026738532914 0.20247943699359894
epoch:01598 32.151311621490905 0.9045093477331164 0.20249614417552947
epoch:01599 32.150663247527184 0.9042526134878900 0.20317115634679794
epoch:01600 32.167365409422175 0.9047403068878770 0.20232718288898469
epoch:01601 32.134540454148360 0.9041135252773380 0.20302736312150954
epoch:01602 32.147448032667590 0.9046488807965426 0.20306438356637954
epoch:01603 32.135931953204180 0.9043969835015234 0.20244370698928832
epoch:01604 32.163770326673536 0.9046053256491995 0.20249159038066863
epoch:01605 32.146895927141550 0.9043388990208385 0.20271834433078767
epoch:01606 32.146983185827370 0.9042102687990641 0.20292045176029205
epoch:01607 32.145850999788350 0.9043614903150221 0.20282964110374452
epoch:01608 32.132615292677485 0.9043600776019520 0.2027207851409912
epoch:01609 32.133778692541610 0.9042697708233085 0.2022752881050110
epoch:01610 32.137985045718140 0.9042945431289743 0.2021731525659561
epoch:01611 32.159995845796770 0.9045198526717948 0.20250837206840516
epoch:01612 32.151722702004456 0.9044391253143657 0.20267823338508606
epoch:01613 32.146754865306220 0.9044681608313310 0.20249506384134291
epoch:01614 32.174735680959394 0.9045838793837973 0.2024928480386734
epoch:01615 32.149337985466350 0.9044260727460018 0.2021952122449875
epoch:01616 32.132015487458540 0.9042839145722787 0.2037468209862709
epoch:01617 32.155602951565264 0.9045756227553182 0.20180186927318572
epoch:01618 32.154356936867930 0.9044881359027036 0.20243476927280427
epoch:01619 32.137647578907455 0.9042663080400006 0.20258257687091827
epoch:01620 32.145732498618370 0.9043124585250970 0.20231494754552842
epoch:01621 32.137726956638910 0.9040811320294591 0.20305662453174592
epoch:01622 32.145352360543995 0.9041375566476846 0.20339148193597795
epoch:01623 32.150584913847000 0.9044340196480924 0.20220396518707276
epoch:01624 32.145350746367015 0.9046191241260530 0.20208136439323426
epoch:01625 32.145231129931130 0.9045178472320006 0.20221540033817292
epoch:01626 32.137234133573024 0.9044315480619733 0.20292264968156815
epoch:01627 32.156795807034236 0.9045275070098150 0.2028123766183853
epoch:01628 32.140039239270230 0.9044574602468190 0.2026624411344528
epoch:01629 32.167732606276640 0.9048700576469029 0.20187025815248488
epoch:01630 32.174980472355100 0.9047818503547684 0.20188899338245392
epoch:01631 32.154166171681600 0.9046425621022888 0.20222365558147432
epoch:01632 32.140953683713505 0.9046101115390268 0.2023825079202652
epoch:01633 32.151769841645724 0.9046677044186786 0.20289023220539093
epoch:01634 32.161042525330316 0.9045801023340626 0.20316516160964965
epoch:01635 32.137919745252090 0.9043747237895177 0.20285237580537796
epoch:01636 32.145703382563810 0.9044726251059085 0.20284358114004136
epoch:01637 32.132062496845805 0.9043166483836609 0.20300483107566833
epoch:01638 32.147195993023715 0.9045982285770041 0.2026437684893608
epoch:01639 32.156318873654370 0.9047303522965757 0.20179442167282105
epoch:01640 32.135910700759360 0.9043288307523145 0.20252960324287414
epoch:01641 32.135872728176880 0.9045139927057800 0.20212764739990235
epoch:01642 32.143892029404654 0.9044666169564607 0.20181356519460678
epoch:01643 32.135153073015374 0.9043711083245014 0.2031795412302017
epoch:01644 32.148831088411920 0.9043608723445058 0.2030320793390274
epoch:01645 32.152141542060015 0.9046067382590703 0.20144971311092377
epoch:01646 32.137454269445016 0.9044215013971275 0.20247112810611725
epoch:01647 32.129978015871970 0.9042059349369062 0.20322954654693604
epoch:01648 32.136940268502315 0.9044309672452053 0.20215485692024232
epoch:01649 32.150651442384610 0.9045161787296283 0.20250216424465178
epoch:01650 32.129549788013930 0.9044591573516432 0.2020063191652298
epoch:01651 32.136323123127420 0.9040800618039674 0.20316749215126037
epoch:01652 32.134933015337350 0.9043025958123063 0.20311600118875503
epoch:01653 32.141390870567750 0.9042982338502231 0.20263222306966783
epoch:01654 32.132894330195555 0.9042520826837066 0.2021600842475891
epoch:01655 32.146416246459820 0.9045429683185674 0.2019634172320366
epoch:01656 32.144486238519350 0.9045733925003745 0.20243027806282043
epoch:01657 32.145779611234480 0.9044712347327255 0.2020028680562973
epoch:01658 32.160022978851860 0.9047007769909954 0.2018428087234497
epoch:01659 32.132762750775230 0.9045221393133716 0.20216868817806244
epoch:01660 32.163790240553380 0.9046738062652724 0.2022573918104172
epoch:01661 32.151567683376230 0.9044988048684344 0.20261666178703308
epoch:01662 32.131725186980660 0.9042890172961426 0.2030087023973465
epoch:01663 32.131476753470714 0.9041974756036616 0.20354383885860444
epoch:01664 32.129632387102070 0.9044116770174890 0.20326384156942368
epoch:01665 32.138710289017546 0.9042610109314321 0.2038205921649933
epoch:01666 32.140395030167570 0.9045081136806695 0.20198861956596376
epoch:01667 32.153145973919880 0.9045484020647830 0.20280600786209108
epoch:01668 32.137436508810390 0.9042187272218456 0.20304478257894515
epoch:01669 32.147570586495210 0.9044426474337044 0.20211870670318605
epoch:01670 32.157979475306450 0.9046637009980492 0.20307161211967467
epoch:01671 32.137545316625484 0.9045516378444887 0.20324971079826354
epoch:01672 32.143562562851160 0.9047284239697667 0.2018484130501747
epoch:01673 32.152387523587414 0.9046164454511203 0.20267930924892424
epoch:01674 32.146895237348060 0.9044645697332980 0.20332413911819458
epoch:01675 32.170543450300940 0.9047804656484505 0.20198333263397217
epoch:01676 32.151226933629935 0.9045446051852093 0.20223600864410402
epoch:01677 32.146742927447690 0.9044579915171391 0.20269232094287873
epoch:01678 32.158997182017150 0.9046613208658079 0.20241639018058777
epoch:01679 32.151014665692706 0.9046318900483478 0.2019573360681534
epoch:01680 32.134355475317260 0.9044805614430504 0.2013964682817459
epoch:01681 32.141499892433174 0.9044345352464547 0.2027762323617935
epoch:01682 32.135206695449690 0.9045421904905744 0.20178316831588744
epoch:01683 32.147177540522890 0.9046251885599947 0.20189170241355897
epoch:01684 32.147060147408310 0.9045142973288482 0.20253848135471345
epoch:01685 32.138093280544560 0.9043082525827864 0.2021912992000580
epoch:01686 32.127514686780560 0.9042610495912861 0.20260222852230073
epoch:01687 32.147597266942300 0.9046448518758423 0.20183289647102357
epoch:01688 32.132211463039380 0.9044489998516589 0.20227884948253633
epoch:01689 32.139122448050580 0.9045490687509247 0.20188551843166352
epoch:01690 32.133891061671690 0.9043046881080276 0.20338598191738128
epoch:01691 32.134549370087160 0.9041172528382585 0.20348346680402757
epoch:01692 32.129181217804370 0.9042066659062478 0.20228808522224426
epoch:01693 32.162617559117116 0.9048248782172029 0.20190230309963225
epoch:01694 32.150389386236340 0.9044455228955721 0.20207831859588624
epoch:01695 32.164049001256770 0.9044153594792490 0.20294757485389708
epoch:01696 32.173535825780895 0.9047083572499899 0.20253630578517914
epoch:01697 32.135051387880070 0.9043627039174655 0.20208946466445923
epoch:01698 32.149368911170510 0.9044794881898449 0.20184846222400665
epoch:01699 32.152120377611230 0.9044390321724227 0.2028504192829132
epoch:01700 32.161557689303210 0.9044850051216619 0.20279459059238433
epoch:01701 32.143585947408056 0.9043289367806328 0.20241625607013702
epoch:01702 32.140314299585720 0.9041264351180732 0.20248571932315826
epoch:01703 32.168537662682354 0.9046859221296820 0.20225331485271453
epoch:01704 32.163858426353485 0.9046706520267975 0.20198471546173097
epoch:01705 32.152611241476260 0.9046355343312550 0.20199688971042634
epoch:01706 32.159398489012700 0.9047901088236067 0.20123957395553588
epoch:01707 32.146936233263680 0.9044747666540850 0.20284278243780135
epoch:01708 32.140731577929340 0.9042967401238858 0.20317797660827636
epoch:01709 32.167356118354240 0.9046443308118240 0.20202688425779342
epoch:01710 32.143138074507720 0.9043710858392024 0.20218919813632966
epoch:01711 32.132770391379516 0.9045071999735917 0.20214816331863403
epoch:01712 32.159536468233625 0.9045766771562256 0.20268341898918152
epoch:01713 32.158904637483000 0.9046715140541564 0.20182174146175386
epoch:01714 32.143721687207890 0.9044931222378507 0.20225662589073182
epoch:01715 32.165749347857530 0.9046505690320388 0.20231068432331084
epoch:01716 32.179563593963856 0.9046206343310784 0.2029064804315567
epoch:01717 32.172052500319510 0.9046278987784568 0.2023829385638237
epoch:01718 32.160421673849890 0.9043932669924344 0.2030710309743881
epoch:01719 32.163769959891475 0.9045112760182015 0.20231856852769853
epoch:01720 32.153663413520110 0.9044440012340956 0.20285196602344513
epoch:01721 32.153660344061850 0.9044870658779780 0.2022836372256279
epoch:01722 32.164451600599970 0.9047685622773208 0.2018286645412445
epoch:01723 32.158066873316330 0.9045553840676490 0.20207431316375732
epoch:01724 32.157122007327740 0.9045613416243136 0.20167068988084794
epoch:01725 32.136733073231120 0.9043803356479072 0.20282232016324997
epoch:01726 32.148127365344340 0.9046835878145627 0.20213294625282288
epoch:01727 32.162591793006406 0.9045771989920768 0.2015838474035263
epoch:01728 32.129714314807440 0.9044565667202467 0.20287012904882432
epoch:01729 32.159008017812450 0.9046169269482925 0.20263615846633912
epoch:01730 32.149649170135525 0.9043525364376851 0.20285300314426422
epoch:01731 32.157619346444010 0.9046321461821307 0.20157530158758163
epoch:01732 32.137010393644650 0.9043534487735944 0.20314994156360627
epoch:01733 32.143347976579440 0.9042940665160290 0.20313176810741423
epoch:01734 32.153964116601415 0.9044821470761158 0.20245834589004516
epoch:01735 32.157261511505980 0.9046935192350289 0.20187630802392958
epoch:01736 32.158654246367880 0.9046553972595950 0.20244560837745668
epoch:01737 32.163455717930080 0.9047613860787675 0.2016151249408722
epoch:01738 32.154633936528500 0.9046228042604583 0.2020279884338379
epoch:01739 32.155484479924965 0.9044295874290519 0.20288459360599517
epoch:01740 32.170372749429575 0.9046970808179922 0.20211441516876222
epoch:01741 32.163156546505036 0.9045474972932059 0.20238763839006424
epoch:01742 32.146408747401225 0.9047242052044494 0.20187095403671265
epoch:01743 32.131548883487540 0.9043101530249095 0.20222692787647248
epoch:01744 32.148605170008220 0.9045653930580592 0.20237261801958084
epoch:01745 32.163035484502835 0.9046279647136831 0.20275816023349763
epoch:01746 32.168235060642290 0.9047820024252804 0.20197418332099915
epoch:01747 32.158440207896355 0.9045224283485209 0.2026635766029358
epoch:01748 32.141815360121626 0.9045436117346473 0.20198214948177337
epoch:01749 32.167451660203610 0.9048364012906551 0.2020066946744919
epoch:01750 32.153783438860120 0.9044762648772856 0.2022869721055031
epoch:01751 32.145167244617100 0.9046377073548543 0.20227313786745071
epoch:01752 32.138933109810150 0.9045744925014727 0.2027631402015686
epoch:01753 32.155081706637120 0.9047373451411964 0.2026984691619873
epoch:01754 32.162659018927060 0.9046714109203805 0.20246416330337524
epoch:01755 32.154765690053430 0.9044125270464665 0.2024761512875557
epoch:01756 32.148458866653684 0.9045746952726466 0.20244553685188293
epoch:01757 32.156734901214810 0.9046096325171373 0.2021976351737976
epoch:01758 32.147683326697894 0.9046539849222892 0.20238625407218933
epoch:01759 32.152093099122220 0.9044422246657859 0.2028922900557518
epoch:01760 32.151102745600800 0.9046919191624468 0.2022153690457344
epoch:01761 32.146670066499850 0.9045392866182214 0.20249033868312835
epoch:01762 32.157562659823950 0.9048144685249385 0.20195956230163575
epoch:01763 32.133332902851680 0.9042994331046506 0.20293915420770645
epoch:01764 32.156365994997470 0.9046230002926384 0.20267294496297836
epoch:01765 32.156987326478365 0.9047608150243607 0.2023629665374756
epoch:01766 32.158799896360016 0.9046643977047412 0.20225545316934584
epoch:01767 32.163240237627350 0.9045864674363040 0.20225708186626434
epoch:01768 32.168144825867940 0.9048253052353230 0.20290154069662095
epoch:01769 32.148685701156126 0.9044463311276628 0.2029091477394104
epoch:01770 32.135230883337215 0.9043444052561675 0.20351538807153702
epoch:01771 32.141500318380000 0.9044333295596250 0.20284266024827957
epoch:01772 32.152289193575130 0.9044942592114620 0.20297134518623353
epoch:01773 32.152477781496444 0.9045683788640859 0.20231440663337708
epoch:01774 32.159439175147504 0.9047683843698259 0.20139812380075456
epoch:01775 32.151767978179414 0.9046036111815715 0.2023573637008667
epoch:01776 32.161099031089450 0.9046540600045081 0.20176992565393448
epoch:01777 32.146465370974220 0.9046552191320909 0.2020840734243393
epoch:01778 32.162171713215415 0.9046861126457442 0.20241282284259796
epoch:01779 32.152120082785640 0.9045732320664172 0.20220546275377274
epoch:01780 32.151981973850354 0.9046303117763571 0.2024163454771042
epoch:01781 32.143857293271380 0.9045981561929904 0.20217084288597106
epoch:01782 32.140004125520240 0.9046100802565489 0.2022552952170372
epoch:01783 32.138031391690410 0.9046153516821592 0.20135872960090637
epoch:01784 32.153009685555290 0.9046900530588875 0.2026815667748451
epoch:01785 32.151250867405750 0.9046752029879274 0.2024172216653824
epoch:01786 32.143432411469504 0.9046109741417887 0.20257410109043122
epoch:01787 32.153057430657086 0.9046576152039805 0.20222350358963012
epoch:01788 32.154989175870150 0.9045956413820544 0.2026563286781311
epoch:01789 32.149671287324090 0.9045755040970949 0.2026517003774643
epoch:01790 32.150583470842100 0.9044808751550002 0.20252125561237336
epoch:01791 32.148820461516195 0.9045065040153233 0.20233977735042571
epoch:01792 32.167206280187880 0.9047644089520791 0.2014906644821167
epoch:01793 32.163445827344070 0.9048303032785905 0.20187564194202423
epoch:01794 32.163679149025300 0.9047285586595730 0.20191296339035034
epoch:01795 32.147638310439646 0.9047840631543485 0.20158438086509706
epoch:01796 32.165065797408570 0.9049309273457302 0.20178866535425186
epoch:01797 32.155190248148095 0.9046157110896773 0.20274002850055695
epoch:01798 32.158057405227470 0.9047891727468299 0.20222944915294647
epoch:01799 32.152196066128280 0.9045582032271463 0.20167287737131118
epoch:01800 32.158586775320586 0.9048265026673314 0.2020479127764702
epoch:01801 32.143240835862684 0.9045936140580654 0.20186153054237366
epoch:01802 32.151885720752716 0.9045908770393634 0.2026978239417076
epoch:01803 32.161807169318080 0.9047406864388927 0.2021709829568863
epoch:01804 32.147230420727530 0.9045321788130105 0.20278729349374772
epoch:01805 32.153031323960170 0.9047713467077909 0.2017744004726410
epoch:01806 32.154821845595760 0.9047084436488324 0.20240908563137056
epoch:01807 32.161493759620560 0.9047735672260758 0.20218897312879563
epoch:01808 32.150568401546100 0.9047217964467080 0.2017946034669876
epoch:01809 32.152072010203100 0.9045806993308139 0.20205289721488953
epoch:01810 32.139015439412130 0.9046172850831968 0.2021068513393402
epoch:01811 32.156934862226930 0.9046685492051255 0.20147514641284942
epoch:01812 32.151535554824015 0.9047082046369415 0.20225055515766144
epoch:01813 32.145219141970244 0.9046106543586523 0.20207710266113282
epoch:01814 32.156051769486645 0.9047648210314525 0.20228312015533448
epoch:01815 32.149796978420305 0.9047712384405784 0.20174834579229356
epoch:01816 32.158497278164320 0.9048212838780956 0.2026526764035225
epoch:01817 32.127274009790020 0.9042819555039447 0.2034289076924324
epoch:01818 32.161383580031370 0.9048286360115530 0.20196180194616317
epoch:01819 32.156669722350316 0.9048452073501402 0.20148203074932097
epoch:01820 32.145649305153200 0.9046110534607301 0.2011265993118286
epoch:01821 32.159401237632245 0.9046222782957101 0.20237278640270234
epoch:01822 32.159094156198144 0.9044203144717924 0.20311644971370696
epoch:01823 32.155552766621580 0.9046759691629841 0.2023005574941635
epoch:01824 32.169836326020740 0.9047971863317776 0.2021719366312027
epoch:01825 32.162982224494790 0.9045820063660679 0.20255497097969055
epoch:01826 32.154804506941090 0.9047008293836643 0.20215202867984772
epoch:01827 32.163109952678020 0.9047648662538302 0.2021266907453537
epoch:01828 32.170280824768020 0.9049684254615589 0.2016202151775360
epoch:01829 32.156126584735650 0.9047173775256372 0.20210632979869841
epoch:01830 32.167680534219265 0.9046984097338177 0.2026891976594925
epoch:01831 32.140322004733060 0.9043869570749997 0.20294879078865052
epoch:01832 32.167077690525370 0.9046696775510406 0.20220634639263152
epoch:01833 32.150902963806740 0.9045330883868606 0.20286049842834472
epoch:01834 32.169940349539544 0.9049281687163496 0.20162535607814788
epoch:01835 32.161078880932320 0.9044976894025227 0.20288857221603393
epoch:01836 32.155900321859505 0.9047163619732824 0.20231959819793702
epoch:01837 32.171133275314540 0.9048820037571546 0.20179795920848848
epoch:01838 32.161535114520520 0.9048303951998117 0.20186205059289933
epoch:01839 32.153692510331890 0.9047957747978408 0.20150547474622726
epoch:01840 32.155203763847155 0.9046796305672400 0.20165095031261443
epoch:01841 32.159599315132520 0.9046629842403228 0.2019840419292450
epoch:01842 32.152251459981430 0.9046467460391486 0.20198545902967452
epoch:01843 32.155317685366970 0.9046786756911580 0.2017510026693344
epoch:01844 32.154640759736810 0.9045780538523067 0.2023334413766861
epoch:01845 32.149227335003175 0.9047266524441220 0.20217215716838838
epoch:01846 32.142214373943710 0.9043641206775288 0.2021106630563736
epoch:01847 32.142053458917540 0.9045767400187759 0.20189978629350663
epoch:01848 32.162715079775120 0.9046629008992560 0.2019926831126213
epoch:01849 32.142334255572380 0.9043745884119714 0.2028409421443939
epoch:01850 32.161731744889890 0.9047109889947580 0.20234361588954924
epoch:01851 32.158242612823250 0.9046562360452299 0.20153171420097352
epoch:01852 32.151588216724130 0.9044130437308852 0.20273217260837556
epoch:01853 32.159520949855185 0.9045447865237776 0.20268348902463912
epoch:01854 32.149529999282080 0.9046785475544865 0.2022435858845711
epoch:01855 32.161622915412290 0.9047318649175782 0.20175836235284805
epoch:01856 32.161087047418405 0.9048022463774711 0.20151138603687285
epoch:01857 32.147751256360490 0.9045561959527972 0.2021185949444771
epoch:01858 32.151765220474914 0.9044276418348904 0.20295614004135132
epoch:01859 32.156391705742436 0.9047499204076459 0.20222328305244447
epoch:01860 32.160546970911090 0.9047976942174360 0.20192956924438477
epoch:01861 32.145983074760736 0.9045521329310876 0.20223865211009978
epoch:01862 32.160955390154086 0.9047341161129934 0.20211012661457062
epoch:01863 32.154672222017760 0.9045816619676510 0.20316610634326934
epoch:01864 32.149933073679506 0.9046951550484941 0.20193883031606674
epoch:01865 32.156838173738760 0.9046825359095717 0.2020777314901352
epoch:01866 32.158304365539976 0.9044650982572484 0.20277906507253646
epoch:01867 32.172922177965810 0.9046766628534562 0.2022340252995491
epoch:01868 32.150916267625900 0.9044306484306777 0.20230385065078735
epoch:01869 32.155974922621460 0.9047664672611656 0.2021325185894966
epoch:01870 32.177390744754480 0.9047171687519852 0.20285786390304567
epoch:01871 32.151624620690804 0.9045495584519767 0.20278703570365905
epoch:01872 32.164802495641794 0.9046155304190304 0.2023718088865280
epoch:01873 32.175996205033655 0.9047283400389162 0.2022720307111740
epoch:01874 32.150021746964680 0.9047751726891526 0.20208227187395095
epoch:01875 32.148465849389180 0.9047609276693278 0.20122409015893936
epoch:01876 32.154996636697560 0.9045897597878229 0.2023296445608139
epoch:01877 32.168331302690980 0.9047605610121720 0.20232204496860504
epoch:01878 32.152502620367510 0.9045675135050143 0.20283036828041076
epoch:01879 32.157828149096616 0.9046814689113315 0.2024515762925148
epoch:01880 32.155491465162100 0.9047482661999942 0.20255787670612335
epoch:01881 32.155384766533310 0.9046556447327466 0.20233948826789855
epoch:01882 32.167053446152520 0.9046949939459742 0.2025291621685028
epoch:01883 32.152876787439140 0.9044543796630681 0.2031983584165573
epoch:01884 32.160949796304480 0.9046444670164828 0.20221482515335082
epoch:01885 32.155626081251675 0.9045645408364716 0.20250752568244934
epoch:01886 32.157930520670290 0.9045909095954752 0.20222756415605544
epoch:01887 32.152710118207690 0.9045581466360598 0.20214609503746034
epoch:01888 32.135601131339854 0.9044128880077448 0.2025946170091629
epoch:01889 32.141425128264600 0.9047092480036399 0.20219472497701646
epoch:01890 32.141692323013120 0.9046210889602915 0.20225025862455367
epoch:01891 32.152103159298970 0.9047328562779008 0.20191473066806792
epoch:01892 32.155376892564576 0.9046107905065421 0.20251089334487915
epoch:01893 32.148285516835810 0.9046722875264008 0.20173974335193634
epoch:01894 32.162473982374820 0.9046503810203663 0.20243971347808837
epoch:01895 32.155400074349380 0.9045697807192343 0.2024850443005562
epoch:01896 32.155794844600955 0.9045355351559550 0.2019510015845299
epoch:01897 32.154434851784390 0.9045623400943482 0.20176248252391815
epoch:01898 32.156938664431920 0.9047376178593292 0.20197623670101167
epoch:01899 32.162908361097465 0.9046816698458805 0.20213896930217742
epoch:01900 32.157327970098110 0.9045206505089972 0.20204301923513412
epoch:01901 32.144173452517590 0.9044935855887306 0.20220569670200347
epoch:01902 32.168962119646880 0.9046138597838445 0.20261805206537248
epoch:01903 32.155188622213004 0.9046807669581165 0.2020244598388672
epoch:01904 32.170108867499720 0.9047318821529666 0.20253108441829681
epoch:01905 32.158398903309790 0.9046245718071633 0.2022379994392395
epoch:01906 32.161413211456860 0.9046638547099647 0.20207825750112535
epoch:01907 32.172259559241870 0.9047409782969185 0.2026363268494606
epoch:01908 32.155498289852150 0.9046514906166037 0.2024853676557541
epoch:01909 32.134517397501170 0.9042630271912675 0.20306334495544434
epoch:01910 32.169346171931870 0.9046349713816660 0.2025305449962616
epoch:01911 32.156750007795345 0.9046191880089103 0.20257424265146257
epoch:01912 32.154648267971490 0.9044628328660178 0.20277722775936127
epoch:01913 32.153135213607165 0.9045285829478191 0.20271300971508027
epoch:01914 32.159928676650860 0.9047138885187778 0.20188914537429808
epoch:01915 32.151145364148220 0.9046231436080049 0.20161300599575044
epoch:01916 32.157132940866300 0.9046006019076376 0.2020225554704666
epoch:01917 32.158954221396264 0.9046410945653319 0.20236524045467377
epoch:01918 32.181782907045110 0.9048339708996519 0.20176180005073546
epoch:01919 32.170373897024410 0.9048183833400646 0.20216631889343262
epoch:01920 32.167286188563140 0.9046503542179840 0.2028847724199295
epoch:01921 32.171799773052570 0.9047757830162773 0.2020393431186676
epoch:01922 32.165868224871090 0.9047778333973728 0.2018418401479721
epoch:01923 32.170433581293230 0.9046555437020419 0.20224807858467103
epoch:01924 32.175242037543600 0.9049374126643249 0.2015572190284729
epoch:01925 32.150040602820766 0.9045566159562878 0.20274099409580232
epoch:01926 32.162078567069260 0.9048691797233255 0.20167285501956939
epoch:01927 32.170976120985140 0.9048028547205164 0.20242426842451094
epoch:01928 32.166685842052540 0.9047452356261726 0.20220401585102082
epoch:01929 32.150870110606135 0.9045761413966952 0.2024975061416626
epoch:01930 32.160483818278310 0.9046736977499066 0.2020731106400490
epoch:01931 32.168235782455290 0.9045287192627361 0.20295555293560028
epoch:01932 32.169476586339260 0.9048542272027129 0.2017935886979103
epoch:01933 32.180309186306765 0.9049774567840153 0.20191214680671693
epoch:01934 32.178375727281790 0.9048847520900782 0.20175733864307405
epoch:01935 32.172737752953296 0.9048164499313021 0.2016017645597458
epoch:01936 32.166477913293036 0.9046522610133325 0.20301209837198259
epoch:01937 32.174332995894910 0.9047011288372833 0.20300521850585937
epoch:01938 32.164839452882460 0.9046500693695533 0.20236967504024506
epoch:01939 32.150248066663430 0.9046915247076047 0.20233100652694702
epoch:01940 32.168244325237090 0.9048656253980136 0.20248790085315704
epoch:01941 32.148977919201830 0.9045963582817989 0.20264987051486968
epoch:01942 32.169610511699354 0.9046476906931431 0.20196877419948578
epoch:01943 32.171432943064810 0.9047888477576432 0.20205807834863662
epoch:01944 32.153012039006470 0.9047364823250799 0.2023198962211609
epoch:01945 32.160063225112670 0.9047952105838537 0.20159324407577514
epoch:01946 32.162746884327490 0.9045739565725853 0.20251157283782958
epoch:01947 32.159686304791240 0.9046369988341224 0.20219006687402724
epoch:01948 32.166871630137265 0.9046543584287768 0.2023390442132950
epoch:01949 32.158582636908360 0.9047219987512956 0.20196740180253983
epoch:01950 32.151242257156284 0.9045302248169577 0.20210051089525222
epoch:01951 32.147568722579130 0.9044916107825024 0.20294352769851684
epoch:01952 32.150917550663950 0.9047037556814450 0.20227771401405334
epoch:01953 32.155820422685640 0.9047728839363272 0.20201026201248168
epoch:01954 32.158290507864100 0.9045853215468993 0.2028629094362259
epoch:01955 32.152646069590176 0.9046866617712785 0.2025870680809021
epoch:01956 32.158240360447410 0.9047532322065054 0.2018474295735359
epoch:01957 32.168738523257790 0.9047500163536810 0.20226758867502212
epoch:01958 32.158151191252394 0.9045575895019502 0.20305452942848207
epoch:01959 32.173914239516954 0.9048054999389062 0.20242113023996353
epoch:01960 32.159902887582660 0.9046070384852474 0.20258281379938126
epoch:01961 32.160895493624680 0.9047343544548250 0.20190663188695906
epoch:01962 32.158777962995920 0.9045626815315163 0.20255839824676514
epoch:01963 32.159646734500540 0.9046964588957340 0.2026370495557785
epoch:01964 32.153929690955940 0.9046394323527472 0.20249295979738235
epoch:01965 32.163127776807606 0.9046884953111622 0.20283782184123994
epoch:01966 32.166239110213310 0.9048347854767916 0.20196958184242247
epoch:01967 32.145827873829010 0.9044408388327122 0.20263069421052932
epoch:01968 32.170241524401995 0.9046992256076948 0.2018691748380661
epoch:01969 32.162457767050740 0.9048235553028675 0.20238956212997436
epoch:01970 32.159337011817320 0.9048502662904152 0.20209660679101943
epoch:01971 32.167993249796176 0.9047421319123453 0.20213647335767745
epoch:01972 32.154410264906020 0.9046468812229855 0.20226086676120758
epoch:01973 32.165253831442760 0.9049239330251504 0.20220082700252534
epoch:01974 32.160983414210890 0.9046626497208526 0.20192676782608032
epoch:01975 32.165449682441840 0.9048056800652547 0.20190187394618989
epoch:01976 32.154189130592165 0.9046282085125894 0.2020261690020561
epoch:01977 32.160379832531520 0.9046206223564669 0.20295028388500214
epoch:01978 32.168596446361930 0.9047712288763036 0.20231277346611024
epoch:01979 32.160141620950114 0.9047435632557368 0.20191956758499147
epoch:01980 32.156846998167580 0.9047852598564810 0.2024847984313965
epoch:01981 32.168775844567410 0.9047624676483716 0.20194936096668242
epoch:01982 32.164405608343980 0.9046615623394988 0.20278853178024292
epoch:01983 32.144659016245214 0.9045048098546007 0.2028851777315140
epoch:01984 32.169276904963940 0.9047401855668676 0.20218844413757325
epoch:01985 32.153212618159480 0.9047412349292202 0.20183361768722535
epoch:01986 32.145449142182700 0.9044826056576714 0.20261811912059785
epoch:01987 32.153849121404840 0.9044965808856359 0.20263875424861907
epoch:01988 32.145378491063780 0.9044398856850566 0.20291569828987122
epoch:01989 32.151519926226690 0.9046716591142625 0.20289028733968734
epoch:01990 32.160088945764926 0.9048293288092302 0.20267527401447297
epoch:01991 32.144479173259896 0.9046312765966317 0.2022742211818695
epoch:01992 32.146909372546375 0.9046000121709211 0.20283196866512299
epoch:01993 32.156682623847790 0.9045562810696998 0.20348336398601533
epoch:01994 32.145454753490430 0.9047090368448553 0.20225303769111633
epoch:01995 32.138741670169490 0.9046174827313562 0.20225992202758789
epoch:01996 32.143514256542880 0.9045071471819718 0.20274520218372344
epoch:01997 32.160264931418410 0.9046945386624017 0.20235903561115265
epoch:01998 32.145200508013130 0.9046238648679251 0.20258595645427704
epoch:01999 32.168025862962025 0.9047738315492854 0.2026724249124527
epoch:02000 32.150572358857104 0.9047212855496385 0.20224177539348603
